latitude,longitude,potential,ghi_daily,ghi_annual,dni_daily,temp_ambient,suitability_score,suitability_tier,region,solar_resource_score,thermal_score,terrain_score,land_score
7.106,93.7556,3.88,3.875,1414.5,4.093,32.5,56.9,Tier 3 - Moderately Suitable,All India,37.2,88.0,85.0,50.0
8.156,77.3056,4.66,4.661,1701.3,5.059,31.5,71.7,Tier 2 - Highly Suitable,All India,58.4,89.6,85.0,75.0
8.506,76.9556,4.64,4.643,1694.8,5.075,32.0,71.4,Tier 2 - Highly Suitable,All India,57.9,88.8,85.0,75.0
8.506,77.3056,4.66,4.664,1702.5,5.085,32.1,71.6,Tier 2 - Highly Suitable,All India,58.5,88.6,85.0,75.0
8.506,77.6556,4.71,4.709,1718.9,4.954,30.9,72.5,Tier 2 - Highly Suitable,All India,59.7,90.6,85.0,75.0
8.506,78.0056,4.72,4.722,1723.7,5.161,30.7,72.7,Tier 2 - Highly Suitable,All India,60.1,90.9,85.0,75.0
8.856,76.9556,4.61,4.606,1681.1,4.862,30.2,71.4,Tier 2 - Highly Suitable,All India,56.9,91.7,85.0,75.0
8.856,77.3056,4.66,4.659,1700.6,4.896,30.9,71.8,Tier 2 - Highly Suitable,All India,58.4,90.6,85.0,75.0
8.856,77.6556,4.65,4.649,1696.9,4.884,32.0,71.5,Tier 2 - Highly Suitable,All India,58.1,88.8,85.0,75.0
8.856,78.0056,4.71,4.708,1718.3,5.208,31.1,72.4,Tier 2 - Highly Suitable,All India,59.7,90.2,85.0,75.0
9.206,76.6056,4.62,4.621,1686.6,5.101,31.3,71.3,Tier 2 - Highly Suitable,All India,57.3,89.9,85.0,75.0
9.206,76.9556,4.77,4.771,1741.4,5.286,30.1,73.4,Tier 2 - Highly Suitable,All India,61.4,91.8,85.0,75.0
9.206,77.3056,4.78,4.785,1746.5,5.301,31.1,73.3,Tier 2 - Highly Suitable,All India,61.8,90.2,85.0,75.0
9.206,77.6556,4.69,4.695,1713.5,5.137,30.7,72.3,Tier 2 - Highly Suitable,All India,59.3,90.9,85.0,75.0
9.206,78.0056,4.61,4.612,1683.5,5.129,29.9,71.5,Tier 2 - Highly Suitable,All India,57.1,92.2,85.0,75.0
9.206,78.3556,4.65,4.648,1696.4,5.145,30.5,71.8,Tier 2 - Highly Suitable,All India,58.1,91.2,85.0,75.0
9.206,78.7056,4.7,4.702,1716.3,5.059,31.3,72.3,Tier 2 - Highly Suitable,All India,59.5,89.9,85.0,75.0
9.556,76.6056,4.76,4.763,1738.4,5.132,30.2,73.3,Tier 2 - Highly Suitable,All India,61.2,91.7,85.0,75.0
9.556,76.9556,4.75,4.748,1732.9,5.162,30.2,73.1,Tier 2 - Highly Suitable,All India,60.8,91.7,85.0,75.0
9.556,77.3056,4.79,4.793,1749.6,5.191,30.1,73.7,Tier 2 - Highly Suitable,All India,62.0,91.8,85.0,75.0
9.556,77.6556,4.68,4.68,1708.1,5.192,31.7,71.9,Tier 2 - Highly Suitable,All India,58.9,89.3,85.0,75.0
9.556,78.0056,4.67,4.67,1704.4,5.104,29.9,72.2,Tier 2 - Highly Suitable,All India,58.6,92.2,85.0,75.0
9.556,78.3556,4.8,4.801,1752.3,5.181,29.7,73.9,Tier 2 - Highly Suitable,All India,62.2,92.5,85.0,75.0
9.556,78.7056,4.69,4.686,1710.6,5.178,31.6,72.0,Tier 2 - Highly Suitable,All India,59.1,89.4,85.0,75.0
9.906,76.2556,4.64,4.637,1692.5,5.004,30.0,71.8,Tier 2 - Highly Suitable,All India,57.8,92.0,85.0,75.0
9.906,76.6056,4.72,4.716,1721.2,4.985,30.4,72.7,Tier 2 - Highly Suitable,All India,59.9,91.4,85.0,75.0
9.906,76.9556,4.8,4.799,1751.6,5.042,31.5,73.4,Tier 2 - Highly Suitable,All India,62.1,89.6,85.0,75.0
9.906,77.3056,4.81,4.805,1753.9,5.047,30.4,73.7,Tier 2 - Highly Suitable,All India,62.3,91.4,85.0,75.0
9.906,77.6556,4.78,4.784,1746.2,5.267,29.6,73.7,Tier 2 - Highly Suitable,All India,61.7,92.6,85.0,75.0
9.906,78.0056,4.68,4.68,1708.2,5.17,29.7,72.4,Tier 2 - Highly Suitable,All India,58.9,92.5,85.0,75.0
9.906,78.3556,4.69,4.693,1713.0,5.208,31.5,72.1,Tier 2 - Highly Suitable,All India,59.3,89.6,85.0,75.0
9.906,78.7056,4.65,4.645,1695.6,4.921,31.4,71.6,Tier 2 - Highly Suitable,All India,58.0,89.8,85.0,75.0
9.906,79.0556,4.64,4.638,1692.9,4.911,30.7,71.6,Tier 2 - Highly Suitable,All India,57.8,90.9,85.0,75.0
10.256,76.2556,4.79,4.788,1747.6,5.046,29.7,73.7,Tier 2 - Highly Suitable,All India,61.8,92.5,85.0,75.0
10.256,76.6056,4.69,4.69,1711.7,5.155,29.7,72.5,Tier 2 - Highly Suitable,All India,59.2,92.5,85.0,75.0
10.256,76.9556,4.74,4.74,1730.1,5.121,30.6,72.9,Tier 2 - Highly Suitable,All India,60.5,91.0,85.0,75.0
10.256,77.3056,4.75,4.751,1734.1,5.059,30.4,73.1,Tier 2 - Highly Suitable,All India,60.8,91.4,85.0,75.0
10.256,77.6556,4.79,4.786,1746.7,5.317,29.9,73.6,Tier 2 - Highly Suitable,All India,61.8,92.2,85.0,75.0
10.256,78.0056,4.67,4.669,1704.0,4.904,31.4,71.8,Tier 2 - Highly Suitable,All India,58.6,89.8,85.0,75.0
10.256,78.3556,4.69,4.693,1713.1,4.957,31.0,72.2,Tier 2 - Highly Suitable,All India,59.3,90.4,85.0,75.0
10.256,78.7056,4.74,4.739,1729.6,5.121,30.0,73.0,Tier 2 - Highly Suitable,All India,60.5,92.0,85.0,75.0
10.256,79.0556,4.74,4.745,1731.9,4.998,30.4,73.0,Tier 2 - Highly Suitable,All India,60.7,91.4,85.0,75.0
10.606,76.2556,4.69,4.693,1712.9,4.951,29.3,72.6,Tier 2 - Highly Suitable,All India,59.3,93.1,85.0,75.0
10.606,76.6056,4.64,4.644,1695.2,4.895,30.5,71.8,Tier 2 - Highly Suitable,All India,57.9,91.2,85.0,75.0
10.606,76.9556,4.67,4.672,1705.3,4.981,30.0,72.2,Tier 2 - Highly Suitable,All India,58.7,92.0,85.0,75.0
10.606,77.3056,4.84,4.835,1765.0,5.357,31.2,73.9,Tier 2 - Highly Suitable,All India,63.1,90.1,85.0,75.0
10.606,77.6556,4.7,4.699,1715.0,4.942,30.8,72.4,Tier 2 - Highly Suitable,All India,59.4,90.7,85.0,75.0
10.606,78.0056,4.7,4.702,1716.2,5.072,31.2,72.3,Tier 2 - Highly Suitable,All India,59.5,90.1,85.0,75.0
10.606,78.3556,4.8,4.802,1752.7,5.297,29.3,74.0,Tier 2 - Highly Suitable,All India,62.2,93.1,85.0,75.0
10.606,78.7056,4.79,4.786,1746.8,5.025,30.9,73.4,Tier 2 - Highly Suitable,All India,61.8,90.6,85.0,75.0
10.606,79.0556,4.71,4.711,1719.4,5.18,30.0,72.7,Tier 2 - Highly Suitable,All India,59.8,92.0,85.0,75.0
10.606,79.4056,4.7,4.704,1716.8,5.201,30.5,72.5,Tier 2 - Highly Suitable,All India,59.6,91.2,85.0,75.0
10.606,79.7556,4.64,4.645,1695.4,5.06,30.2,71.8,Tier 2 - Highly Suitable,All India,58.0,91.7,85.0,75.0
10.956,75.9056,4.73,4.731,1726.6,5.005,30.3,72.9,Tier 2 - Highly Suitable,All India,60.3,91.5,85.0,75.0
10.956,76.2556,4.76,4.759,1737.1,5.007,30.7,73.1,Tier 2 - Highly Suitable,All India,61.1,90.9,85.0,75.0
10.956,76.6056,4.8,4.803,1753.2,5.263,30.3,73.7,Tier 2 - Highly Suitable,All India,62.2,91.5,85.0,75.0
10.956,76.9556,4.81,4.814,1757.0,5.103,29.0,74.2,Tier 2 - Highly Suitable,All India,62.5,93.6,85.0,75.0
10.956,77.3056,4.66,4.661,1701.3,5.161,29.3,72.3,Tier 2 - Highly Suitable,All India,58.4,93.1,85.0,75.0
10.956,77.6556,4.69,4.688,1711.2,4.918,30.1,72.4,Tier 2 - Highly Suitable,All India,59.1,91.8,85.0,75.0
10.956,78.0056,4.71,4.706,1717.6,4.942,30.9,72.4,Tier 2 - Highly Suitable,All India,59.6,90.6,85.0,75.0
10.956,78.3556,4.71,4.708,1718.4,4.957,29.3,72.8,Tier 2 - Highly Suitable,All India,59.7,93.1,85.0,75.0
10.956,78.7056,4.69,4.686,1710.3,5.185,30.4,72.3,Tier 2 - Highly Suitable,All India,59.1,91.4,85.0,75.0
10.956,79.0556,4.8,4.801,1752.4,5.233,29.1,74.0,Tier 2 - Highly Suitable,All India,62.2,93.4,85.0,75.0
10.956,79.4056,4.83,4.829,1762.5,5.312,30.7,74.0,Tier 2 - Highly Suitable,All India,62.9,90.9,85.0,75.0
10.956,79.7556,4.75,4.753,1734.8,5.152,30.0,73.2,Tier 2 - Highly Suitable,All India,60.9,92.0,85.0,75.0
11.306,75.9056,5.29,5.289,1930.6,5.631,29.3,79.9,Tier 2 - Highly Suitable,All India,75.4,93.1,85.0,75.0
11.306,76.2556,5.17,5.166,1885.4,5.656,29.2,78.4,Tier 2 - Highly Suitable,All India,72.1,93.3,85.0,75.0
11.306,76.6056,5.3,5.299,1934.0,5.836,29.3,80.0,Tier 2 - Highly Suitable,All India,75.6,93.1,85.0,75.0
11.306,76.9556,5.15,5.154,1881.1,5.651,30.2,78.0,Tier 2 - Highly Suitable,All India,71.7,91.7,85.0,75.0
11.306,77.3056,5.17,5.166,1885.6,5.499,28.9,78.5,Tier 2 - Highly Suitable,All India,72.1,93.8,85.0,75.0
11.306,77.6556,5.15,5.154,1881.3,5.417,29.6,78.2,Tier 2 - Highly Suitable,All India,71.7,92.6,85.0,75.0
11.306,78.0056,5.14,5.143,1877.1,5.467,29.4,78.1,Tier 2 - Highly Suitable,All India,71.4,93.0,85.0,75.0
11.306,78.3556,5.28,5.285,1929.0,5.801,29.5,79.8,Tier 2 - Highly Suitable,All India,75.3,92.8,85.0,75.0
11.306,78.7056,5.27,5.268,1922.9,5.802,29.7,79.5,Tier 2 - Highly Suitable,All India,74.8,92.5,85.0,75.0
11.306,79.0556,4.8,4.796,1750.5,5.124,28.9,74.0,Tier 2 - Highly Suitable,All India,62.1,93.8,85.0,75.0
11.306,79.4056,4.7,4.698,1714.8,4.948,29.4,72.7,Tier 2 - Highly Suitable,All India,59.4,93.0,85.0,75.0
11.306,79.7556,4.82,4.817,1758.2,5.261,29.0,74.2,Tier 2 - Highly Suitable,All India,62.6,93.6,85.0,75.0
11.306,92.7056,4.17,4.171,1522.5,4.381,29.5,61.2,Tier 3 - Moderately Suitable,All India,45.2,92.8,85.0,50.0
11.656,75.5556,5.27,5.271,1924.0,5.778,29.0,75.7,Tier 2 - Highly Suitable,All India,74.9,93.6,65.0,75.0
11.656,75.9056,5.16,5.163,1884.6,5.725,30.7,78.0,Tier 2 - Highly Suitable,All India,72.0,90.9,85.0,75.0
11.656,76.2556,5.21,5.21,1901.5,5.648,29.2,79.0,Tier 2 - Highly Suitable,All India,73.2,93.3,85.0,75.0
11.656,76.6056,5.28,5.277,1926.1,5.549,30.3,79.5,Tier 2 - Highly Suitable,All India,75.1,91.5,85.0,75.0
11.656,76.9556,5.27,5.274,1924.9,5.587,28.9,79.8,Tier 2 - Highly Suitable,All India,75.0,93.8,85.0,75.0
11.656,77.3056,5.15,5.147,1878.8,5.616,30.5,77.9,Tier 2 - Highly Suitable,All India,71.5,91.2,85.0,75.0
11.656,77.6556,5.19,5.185,1892.6,5.62,29.5,78.6,Tier 2 - Highly Suitable,All India,72.6,92.8,85.0,75.0
11.656,78.0056,5.2,5.196,1896.5,5.481,29.7,78.7,Tier 2 - Highly Suitable,All India,72.9,92.5,85.0,75.0
11.656,78.3556,5.3,5.298,1933.7,5.754,29.6,79.9,Tier 2 - Highly Suitable,All India,75.6,92.6,85.0,75.0
11.656,78.7056,5.17,5.171,1887.2,5.66,29.3,78.5,Tier 2 - Highly Suitable,All India,72.2,93.1,85.0,75.0
11.656,79.0556,4.79,4.786,1747.1,5.171,30.1,73.6,Tier 2 - Highly Suitable,All India,61.8,91.8,85.0,75.0
11.656,79.4056,4.83,4.834,1764.3,5.311,29.5,74.3,Tier 2 - Highly Suitable,All India,63.1,92.8,85.0,75.0
11.656,79.7556,4.8,4.802,1752.7,5.156,29.2,74.0,Tier 2 - Highly Suitable,All India,62.2,93.3,85.0,75.0
12.006,75.5556,5.15,5.152,1880.5,5.523,29.1,74.3,Tier 2 - Highly Suitable,All India,71.7,93.4,65.0,75.0
12.006,75.9056,5.3,5.304,1935.9,5.827,30.4,79.8,Tier 2 - Highly Suitable,All India,75.8,91.4,85.0,75.0
12.006,76.2556,5.32,5.323,1942.8,5.644,29.2,80.3,Tier 2 - Highly Suitable,All India,76.3,93.3,85.0,75.0
12.006,76.6056,5.33,5.332,1946.3,5.75,29.2,80.4,Tier 2 - Highly Suitable,All India,76.5,93.3,85.0,75.0
12.006,76.9556,5.23,5.23,1908.9,5.526,29.7,79.1,Tier 2 - Highly Suitable,All India,73.8,92.5,85.0,75.0
12.006,77.3056,5.18,5.184,1892.3,5.577,30.0,78.4,Tier 2 - Highly Suitable,All India,72.5,92.0,85.0,75.0
12.006,77.6556,5.29,5.287,1929.8,5.84,30.0,79.7,Tier 2 - Highly Suitable,All India,75.3,92.0,85.0,75.0
12.006,78.0056,5.24,5.238,1911.8,5.613,30.3,79.0,Tier 2 - Highly Suitable,All India,74.0,91.5,85.0,75.0
12.006,78.3556,5.2,5.197,1896.9,5.627,28.8,78.9,Tier 2 - Highly Suitable,All India,72.9,93.9,85.0,75.0
12.006,78.7056,5.18,5.176,1889.2,5.489,29.3,78.5,Tier 2 - Highly Suitable,All India,72.3,93.1,85.0,75.0
12.006,79.0556,4.87,4.874,1779.1,5.313,29.5,74.8,Tier 2 - Highly Suitable,All India,64.2,92.8,85.0,75.0
12.006,79.4056,4.76,4.755,1735.6,5.243,29.1,73.4,Tier 2 - Highly Suitable,All India,60.9,93.4,85.0,75.0
12.006,79.7556,4.86,4.86,1773.7,5.335,30.2,74.5,Tier 2 - Highly Suitable,All India,63.8,91.7,85.0,75.0
12.006,92.7056,4.14,4.137,1510.1,4.462,29.2,60.9,Tier 3 - Moderately Suitable,All India,44.2,93.3,85.0,50.0
12.356,75.2056,5.26,5.259,1919.4,5.535,30.2,75.3,Tier 2 - Highly Suitable,All India,74.6,91.7,65.0,75.0
12.356,75.5556,5.25,5.253,1917.5,5.81,29.3,75.5,Tier 2 - Highly Suitable,All India,74.4,93.1,65.0,75.0
12.356,75.9056,5.33,5.329,1945.1,5.614,28.9,80.5,Tier 2 - Highly Suitable,All India,76.5,93.8,85.0,75.0
12.356,76.2556,5.34,5.343,1950.2,5.798,29.5,80.5,Tier 2 - Highly Suitable,All India,76.8,92.8,85.0,75.0
12.356,76.6056,5.3,5.301,1935.0,5.752,29.4,80.0,Tier 2 - Highly Suitable,All India,75.7,93.0,85.0,75.0
12.356,76.9556,5.16,5.164,1885.0,5.705,29.0,78.4,Tier 2 - Highly Suitable,All India,72.0,93.6,85.0,75.0
12.356,77.3056,5.21,5.206,1900.3,5.614,28.7,79.0,Tier 2 - Highly Suitable,All India,73.1,94.1,85.0,75.0
12.356,77.6556,5.31,5.311,1938.4,5.687,28.5,80.3,Tier 2 - Highly Suitable,All India,76.0,94.4,85.0,75.0
12.356,78.0056,5.18,5.181,1890.9,5.585,29.1,78.6,Tier 2 - Highly Suitable,All India,72.5,93.4,85.0,75.0
12.356,78.3556,5.34,5.337,1948.0,5.817,28.9,80.6,Tier 2 - Highly Suitable,All India,76.7,93.8,85.0,75.0
12.356,78.7056,5.23,5.226,1907.5,5.638,28.8,79.2,Tier 2 - Highly Suitable,All India,73.7,93.9,85.0,75.0
12.356,79.0556,4.88,4.878,1780.6,5.141,29.2,74.9,Tier 2 - Highly Suitable,All India,64.3,93.3,85.0,75.0
12.356,79.4056,4.72,4.72,1723.0,5.145,29.0,73.0,Tier 2 - Highly Suitable,All India,60.0,93.6,85.0,75.0
12.356,79.7556,4.85,4.847,1769.1,5.128,28.4,74.7,Tier 2 - Highly Suitable,All India,63.4,94.6,85.0,75.0
12.356,92.7056,4.06,4.059,1481.6,4.313,28.5,60.1,Tier 3 - Moderately Suitable,All India,42.1,94.4,85.0,50.0
12.706,75.2056,5.34,5.343,1950.1,5.74,30.0,76.4,Tier 2 - Highly Suitable,All India,76.8,92.0,65.0,75.0
12.706,75.5556,5.35,5.351,1953.2,5.686,28.7,76.8,Tier 2 - Highly Suitable,All India,77.1,94.1,65.0,75.0
12.706,75.9056,5.23,5.228,1908.3,5.759,29.2,79.2,Tier 2 - Highly Suitable,All India,73.7,93.3,85.0,75.0
12.706,76.2556,5.33,5.33,1945.3,5.67,28.9,80.5,Tier 2 - Highly Suitable,All India,76.5,93.8,85.0,75.0
12.706,76.6056,5.26,5.255,1918.2,5.711,30.1,79.3,Tier 2 - Highly Suitable,All India,74.5,91.8,85.0,75.0
12.706,76.9556,5.34,5.339,1948.7,5.71,28.4,80.7,Tier 2 - Highly Suitable,All India,76.7,94.6,85.0,75.0
12.706,77.3056,5.31,5.312,1938.7,5.845,30.0,80.0,Tier 2 - Highly Suitable,All India,76.0,92.0,85.0,75.0
12.706,77.6556,5.21,5.205,1899.8,5.566,29.3,78.9,Tier 2 - Highly Suitable,All India,73.1,93.1,85.0,75.0
12.706,78.0056,5.2,5.2,1897.9,5.571,29.8,78.7,Tier 2 - Highly Suitable,All India,73.0,92.3,85.0,75.0
12.706,78.3556,5.35,5.354,1954.4,5.865,29.5,80.6,Tier 2 - Highly Suitable,All India,77.1,92.8,85.0,75.0
12.706,78.7056,5.28,5.283,1928.5,5.69,29.3,79.8,Tier 2 - Highly Suitable,All India,75.2,93.1,85.0,75.0
12.706,79.0556,4.75,4.747,1732.7,5.066,28.4,73.5,Tier 2 - Highly Suitable,All India,60.7,94.6,85.0,75.0
12.706,79.4056,4.92,4.916,1794.4,5.19,28.6,75.5,Tier 2 - Highly Suitable,All India,65.3,94.2,85.0,75.0
12.706,79.7556,4.81,4.814,1757.0,5.127,29.3,74.1,Tier 2 - Highly Suitable,All India,62.5,93.1,85.0,75.0
12.706,80.1056,4.84,4.845,1768.4,5.283,29.5,74.4,Tier 2 - Highly Suitable,All India,63.4,92.8,85.0,75.0
13.056,74.8556,5.25,5.246,1914.9,5.806,28.0,78.7,Tier 2 - Highly Suitable,All India,74.2,95.2,65.0,90.0
13.056,75.2056,5.21,5.209,1901.4,5.76,29.6,77.8,Tier 2 - Highly Suitable,All India,73.2,92.6,65.0,90.0
13.056,75.5556,5.28,5.28,1927.3,5.65,28.8,78.9,Tier 2 - Highly Suitable,All India,75.1,93.9,65.0,90.0
13.056,75.9056,5.22,5.215,1903.6,5.49,28.8,82.1,Tier 2 - Highly Suitable,All India,73.4,93.9,85.0,90.0
13.056,76.2556,5.28,5.28,1927.0,5.678,29.1,82.8,Tier 2 - Highly Suitable,All India,75.1,93.4,85.0,90.0
13.056,76.6056,5.33,5.331,1945.9,5.904,29.4,83.4,Tier 2 - Highly Suitable,All India,76.5,93.0,85.0,90.0
13.056,76.9556,5.27,5.269,1923.1,5.543,29.9,82.5,Tier 2 - Highly Suitable,All India,74.8,92.2,85.0,90.0
13.056,77.3056,5.26,5.261,1920.4,5.652,29.4,82.5,Tier 2 - Highly Suitable,All India,74.6,93.0,85.0,90.0
13.056,77.6556,5.34,5.338,1948.3,5.711,28.2,83.7,Tier 2 - Highly Suitable,All India,76.7,94.9,85.0,90.0
13.056,78.0056,5.37,5.368,1959.3,5.908,28.6,84.0,Tier 2 - Highly Suitable,All India,77.5,94.2,85.0,90.0
13.056,78.3556,5.3,5.298,1933.8,5.767,28.5,83.2,Tier 2 - Highly Suitable,All India,75.6,94.4,85.0,90.0
13.056,78.7056,5.28,5.283,1928.3,5.574,28.4,83.0,Tier 2 - Highly Suitable,All India,75.2,94.6,85.0,90.0
13.056,79.0556,4.9,4.897,1787.6,5.337,28.4,78.3,Tier 2 - Highly Suitable,All India,64.8,94.6,85.0,90.0
13.056,79.4056,4.85,4.852,1770.9,5.353,28.8,77.7,Tier 2 - Highly Suitable,All India,63.6,93.9,85.0,90.0
13.056,79.7556,4.77,4.771,1741.3,5.03,28.5,73.8,Tier 2 - Highly Suitable,All India,61.4,94.4,85.0,75.0
13.056,80.1056,4.81,4.808,1754.9,5.158,28.8,74.2,Tier 2 - Highly Suitable,All India,62.4,93.9,85.0,75.0
13.406,74.8556,5.31,5.31,1938.1,5.853,29.2,79.2,Tier 2 - Highly Suitable,All India,75.9,93.3,65.0,90.0
13.406,75.2056,5.29,5.289,1930.6,5.804,28.3,79.1,Tier 2 - Highly Suitable,All India,75.4,94.7,65.0,90.0
13.406,75.5556,5.22,5.217,1904.1,5.525,28.1,78.3,Tier 2 - Highly Suitable,All India,73.4,95.0,65.0,90.0
13.406,75.9056,5.3,5.296,1933.1,5.739,29.5,82.9,Tier 2 - Highly Suitable,All India,75.6,92.8,85.0,90.0
13.406,76.2556,5.29,5.295,1932.6,5.745,29.1,83.0,Tier 2 - Highly Suitable,All India,75.5,93.4,85.0,90.0
13.406,76.6056,5.27,5.265,1921.8,5.582,27.8,83.0,Tier 2 - Highly Suitable,All India,74.7,95.5,85.0,90.0
13.406,76.9556,5.28,5.282,1928.1,5.833,29.3,82.8,Tier 2 - Highly Suitable,All India,75.2,93.1,85.0,90.0
13.406,77.3056,5.3,5.3,1934.6,5.629,29.6,83.0,Tier 2 - Highly Suitable,All India,75.7,92.6,85.0,90.0
13.406,77.6556,5.22,5.215,1903.5,5.488,29.7,81.9,Tier 2 - Highly Suitable,All India,73.4,92.5,85.0,90.0
13.406,78.0056,5.21,5.207,1900.6,5.771,28.7,82.0,Tier 2 - Highly Suitable,All India,73.2,94.1,85.0,90.0
13.406,78.3556,5.24,5.238,1911.9,5.797,28.6,82.4,Tier 2 - Highly Suitable,All India,74.0,94.2,85.0,90.0
13.406,78.7056,5.36,5.36,1956.4,5.7,29.4,83.7,Tier 2 - Highly Suitable,All India,77.3,93.0,85.0,90.0
13.406,79.0556,4.89,4.886,1783.5,5.252,28.4,78.2,Tier 2 - Highly Suitable,All India,64.5,94.6,85.0,90.0
13.406,79.4056,4.91,4.909,1791.7,5.255,28.8,78.4,Tier 2 - Highly Suitable,All India,65.1,93.9,85.0,90.0
13.406,79.7556,4.81,4.814,1757.1,5.252,29.0,74.2,Tier 2 - Highly Suitable,All India,62.5,93.6,85.0,75.0
13.406,80.1056,4.84,4.843,1767.6,5.162,29.7,74.4,Tier 2 - Highly Suitable,All India,63.3,92.5,85.0,75.0
13.406,93.0556,4.17,4.166,1520.6,4.487,29.6,61.2,Tier 3 - Moderately Suitable,All India,45.0,92.6,85.0,50.0
13.756,74.8556,5.37,5.367,1959.0,5.883,28.4,80.1,Tier 2 - Highly Suitable,All India,77.5,94.6,65.0,90.0
13.756,75.2056,5.24,5.241,1912.8,5.769,28.5,78.5,Tier 2 - Highly Suitable,All India,74.1,94.4,65.0,90.0
13.756,75.5556,5.23,5.234,1910.5,5.773,28.9,78.3,Tier 2 - Highly Suitable,All India,73.9,93.8,65.0,90.0
13.756,75.9056,5.32,5.318,1941.2,5.825,29.1,83.3,Tier 2 - Highly Suitable,All India,76.2,93.4,85.0,90.0
13.756,76.2556,5.3,5.303,1935.7,5.662,28.5,83.3,Tier 2 - Highly Suitable,All India,75.8,94.4,85.0,90.0
13.756,76.6056,5.37,5.374,1961.4,5.814,27.9,84.3,Tier 2 - Highly Suitable,All India,77.7,95.4,85.0,90.0
13.756,76.9556,5.29,5.295,1932.6,5.592,28.2,83.2,Tier 2 - Highly Suitable,All India,75.5,94.9,85.0,90.0
13.756,77.3056,5.32,5.319,1941.5,5.893,29.2,83.3,Tier 2 - Highly Suitable,All India,76.2,93.3,85.0,90.0
13.756,77.6556,5.37,5.367,1959.0,5.88,28.4,84.1,Tier 2 - Highly Suitable,All India,77.5,94.6,85.0,90.0
13.756,78.0056,5.27,5.271,1924.0,5.652,28.7,82.8,Tier 2 - Highly Suitable,All India,74.9,94.1,85.0,90.0
13.756,78.3556,5.35,5.351,1953.1,5.679,29.5,83.6,Tier 2 - Highly Suitable,All India,77.1,92.8,85.0,90.0
13.756,78.7056,5.38,5.384,1965.2,5.763,27.8,84.4,Tier 2 - Highly Suitable,All India,77.9,95.5,85.0,90.0
13.756,79.0556,4.96,4.965,1812.0,5.381,27.8,79.3,Tier 2 - Highly Suitable,All India,66.6,95.5,85.0,90.0
13.756,79.4056,4.89,4.889,1784.4,5.206,28.2,78.3,Tier 2 - Highly Suitable,All India,64.6,94.9,85.0,90.0
13.756,79.7556,4.92,4.921,1796.3,5.367,28.6,75.6,Tier 2 - Highly Suitable,All India,65.4,94.2,85.0,75.0
13.756,80.1056,4.81,4.812,1756.5,5.095,27.9,74.4,Tier 2 - Highly Suitable,All India,62.5,95.4,85.0,75.0
14.106,74.5056,5.3,5.305,1936.3,5.687,29.3,79.1,Tier 2 - Highly Suitable,All India,75.8,93.1,65.0,90.0
14.106,74.8556,5.31,5.308,1937.4,5.773,28.9,79.2,Tier 2 - Highly Suitable,All India,75.9,93.8,65.0,90.0
14.106,75.2056,5.35,5.346,1951.2,5.885,28.2,79.8,Tier 2 - Highly Suitable,All India,76.9,94.9,65.0,90.0
14.106,75.5556,5.24,5.24,1912.6,5.681,29.1,78.3,Tier 2 - Highly Suitable,All India,74.1,93.4,65.0,90.0
14.106,75.9056,5.27,5.274,1924.9,5.777,28.8,82.8,Tier 2 - Highly Suitable,All India,75.0,93.9,85.0,90.0
14.106,76.2556,5.4,5.401,1971.3,5.813,28.4,84.5,Tier 2 - Highly Suitable,All India,78.4,94.6,85.0,90.0
14.106,76.6056,5.29,5.294,1932.2,5.845,28.2,83.2,Tier 2 - Highly Suitable,All India,75.5,94.9,85.0,90.0
14.106,76.9556,5.31,5.309,1937.6,5.798,27.9,83.5,Tier 2 - Highly Suitable,All India,75.9,95.4,85.0,90.0
14.106,77.3056,5.43,5.434,1983.4,5.871,29.0,84.7,Tier 2 - Highly Suitable,All India,79.3,93.6,85.0,90.0
14.106,77.6556,5.25,5.247,1915.2,5.629,28.6,82.5,Tier 2 - Highly Suitable,All India,74.2,94.2,85.0,90.0
14.106,78.0056,5.35,5.346,1951.4,5.652,28.7,83.7,Tier 2 - Highly Suitable,All India,76.9,94.1,85.0,90.0
14.106,78.3556,5.36,5.357,1955.2,5.755,29.1,83.8,Tier 2 - Highly Suitable,All India,77.2,93.4,85.0,90.0
14.106,78.7056,5.41,5.413,1975.9,5.822,28.7,84.5,Tier 2 - Highly Suitable,All India,78.7,94.1,85.0,90.0
14.106,79.0556,4.93,4.932,1800.0,5.373,28.4,78.8,Tier 2 - Highly Suitable,All India,65.7,94.6,85.0,90.0
14.106,79.4056,4.82,4.823,1760.5,5.331,29.0,77.3,Tier 2 - Highly Suitable,All India,62.8,93.6,85.0,90.0
14.106,79.7556,4.92,4.917,1794.7,5.441,29.1,75.4,Tier 2 - Highly Suitable,All India,65.3,93.4,85.0,75.0
14.106,80.1056,4.8,4.803,1753.2,5.039,29.4,74.0,Tier 2 - Highly Suitable,All India,62.2,93.0,85.0,75.0
14.456,74.5056,5.25,5.252,1916.8,5.581,28.0,78.8,Tier 2 - Highly Suitable,All India,74.4,95.2,65.0,90.0
14.456,74.8556,5.39,5.386,1966.0,5.799,28.1,80.4,Tier 2 - Highly Suitable,All India,78.0,95.0,65.0,90.0
14.456,75.2056,5.28,5.282,1928.0,5.654,29.0,78.9,Tier 2 - Highly Suitable,All India,75.2,93.6,65.0,90.0
14.456,75.5556,5.33,5.328,1944.8,5.891,28.8,79.5,Tier 2 - Highly Suitable,All India,76.4,93.9,65.0,90.0
14.456,75.9056,5.32,5.321,1942.3,5.678,28.4,83.5,Tier 2 - Highly Suitable,All India,76.2,94.6,85.0,90.0
14.456,76.2556,5.43,5.435,1983.8,5.778,28.5,84.9,Tier 2 - Highly Suitable,All India,79.3,94.4,85.0,90.0
14.456,76.6056,5.31,5.307,1937.2,5.784,29.1,83.2,Tier 2 - Highly Suitable,All India,75.9,93.4,85.0,90.0
14.456,76.9556,5.3,5.299,1934.0,5.752,29.0,83.1,Tier 2 - Highly Suitable,All India,75.6,93.6,85.0,90.0
14.456,77.3056,5.39,5.385,1965.7,5.95,28.2,84.3,Tier 2 - Highly Suitable,All India,78.0,94.9,85.0,90.0
14.456,77.6556,5.31,5.31,1938.1,5.788,28.0,83.5,Tier 2 - Highly Suitable,All India,75.9,95.2,85.0,90.0
14.456,78.0056,5.34,5.336,1947.6,5.613,28.7,83.6,Tier 2 - Highly Suitable,All India,76.6,94.1,85.0,90.0
14.456,78.3556,5.31,5.31,1938.3,5.686,29.3,83.1,Tier 2 - Highly Suitable,All India,75.9,93.1,85.0,90.0
14.456,78.7056,5.34,5.343,1950.3,5.761,28.3,83.8,Tier 2 - Highly Suitable,All India,76.8,94.7,85.0,90.0
14.456,79.0556,4.91,4.906,1790.7,5.28,29.2,78.3,Tier 2 - Highly Suitable,All India,65.0,93.3,85.0,90.0
14.456,79.4056,4.89,4.886,1783.5,5.423,28.9,78.1,Tier 2 - Highly Suitable,All India,64.5,93.8,85.0,90.0
14.456,79.7556,4.86,4.859,1773.4,5.213,29.2,74.7,Tier 2 - Highly Suitable,All India,63.8,93.3,85.0,75.0
14.456,80.1056,4.93,4.935,1801.1,5.462,28.3,75.8,Tier 2 - Highly Suitable,All India,65.8,94.7,85.0,75.0
14.806,74.1556,5.27,5.271,1923.9,5.705,28.4,75.9,Tier 2 - Highly Suitable,All India,74.9,94.6,65.0,75.0
14.806,74.5056,5.32,5.315,1940.1,5.833,28.9,79.3,Tier 2 - Highly Suitable,All India,76.1,93.8,65.0,90.0
14.806,74.8556,5.26,5.263,1920.9,5.645,28.7,78.7,Tier 2 - Highly Suitable,All India,74.7,94.1,65.0,90.0
14.806,75.2056,5.43,5.428,1981.2,5.789,28.4,80.8,Tier 2 - Highly Suitable,All India,79.1,94.6,65.0,90.0
14.806,75.5556,5.45,5.455,1991.0,5.997,27.1,81.4,Tier 2 - Highly Suitable,All India,79.9,96.6,65.0,90.0
14.806,75.9056,5.28,5.284,1928.5,5.589,28.4,83.0,Tier 2 - Highly Suitable,All India,75.2,94.6,85.0,90.0
14.806,76.2556,5.34,5.338,1948.6,5.719,28.5,83.7,Tier 2 - Highly Suitable,All India,76.7,94.4,85.0,90.0
14.806,76.6056,5.38,5.376,1962.2,5.688,27.8,84.3,Tier 2 - Highly Suitable,All India,77.7,95.5,85.0,90.0
14.806,76.9556,5.32,5.319,1941.4,5.721,28.7,83.4,Tier 2 - Highly Suitable,All India,76.2,94.1,85.0,90.0
14.806,77.3056,5.34,5.341,1949.3,5.839,27.5,84.0,Tier 2 - Highly Suitable,All India,76.8,96.0,85.0,90.0
14.806,77.6556,5.45,5.449,1988.9,5.93,27.2,85.3,Tier 1 - Prime Location,All India,79.7,96.5,85.0,90.0
14.806,78.0056,5.38,5.376,1962.4,5.917,28.8,84.1,Tier 2 - Highly Suitable,All India,77.7,93.9,85.0,90.0
14.806,78.3556,5.42,5.422,1979.1,5.761,29.1,84.6,Tier 2 - Highly Suitable,All India,79.0,93.4,85.0,90.0
14.806,78.7056,5.41,5.409,1974.1,5.712,27.4,84.8,Tier 2 - Highly Suitable,All India,78.6,96.2,85.0,90.0
14.806,79.0556,5.0,5.004,1826.5,5.31,28.1,79.7,Tier 2 - Highly Suitable,All India,67.7,95.0,85.0,90.0
14.806,79.4056,4.81,4.812,1756.5,5.271,27.3,77.6,Tier 2 - Highly Suitable,All India,62.5,96.3,85.0,90.0
14.806,79.7556,4.86,4.86,1773.8,5.171,28.0,75.0,Tier 2 - Highly Suitable,All India,63.8,95.2,85.0,75.0
15.156,74.1556,5.34,5.335,1947.4,5.73,27.5,76.9,Tier 2 - Highly Suitable,All India,76.6,96.0,65.0,75.0
15.156,74.5056,5.41,5.409,1974.5,5.88,28.9,80.4,Tier 2 - Highly Suitable,All India,78.6,93.8,65.0,90.0
15.156,74.8556,5.3,5.305,1936.3,5.848,28.8,79.2,Tier 2 - Highly Suitable,All India,75.8,93.9,65.0,90.0
15.156,75.2056,5.47,5.468,1995.9,5.813,27.2,81.6,Tier 2 - Highly Suitable,All India,80.2,96.5,65.0,90.0
15.156,75.5556,5.44,5.439,1985.2,5.893,27.2,81.2,Tier 2 - Highly Suitable,All India,79.4,96.5,65.0,90.0
15.156,75.9056,5.3,5.303,1935.4,5.723,27.1,83.6,Tier 2 - Highly Suitable,All India,75.8,96.6,85.0,90.0
15.156,76.2556,5.33,5.329,1945.2,5.791,27.8,83.7,Tier 2 - Highly Suitable,All India,76.5,95.5,85.0,90.0
15.156,76.6056,5.41,5.406,1973.1,5.955,28.5,84.5,Tier 2 - Highly Suitable,All India,78.5,94.4,85.0,90.0
15.156,76.9556,5.45,5.446,1987.9,5.768,28.4,85.0,Tier 1 - Prime Location,All India,79.6,94.6,85.0,90.0
15.156,77.3056,5.38,5.379,1963.2,5.73,28.6,84.2,Tier 2 - Highly Suitable,All India,77.8,94.2,85.0,90.0
15.156,77.6556,5.46,5.458,1992.3,5.879,27.7,85.3,Tier 1 - Prime Location,All India,79.9,95.7,85.0,90.0
15.156,78.0056,5.34,5.342,1949.8,5.637,27.5,84.0,Tier 2 - Highly Suitable,All India,76.8,96.0,85.0,90.0
15.156,78.3556,5.35,5.352,1953.5,5.857,27.4,84.1,Tier 2 - Highly Suitable,All India,77.1,96.2,85.0,90.0
15.156,78.7056,5.34,5.34,1949.0,5.715,27.6,83.9,Tier 2 - Highly Suitable,All India,76.8,95.8,85.0,90.0
15.156,79.0556,4.88,4.882,1782.0,5.298,28.0,78.3,Tier 2 - Highly Suitable,All India,64.4,95.2,85.0,90.0
15.156,79.4056,4.95,4.95,1806.9,5.407,28.3,79.0,Tier 2 - Highly Suitable,All India,66.2,94.7,85.0,90.0
15.156,79.7556,4.85,4.855,1771.9,5.102,27.4,75.1,Tier 2 - Highly Suitable,All India,63.6,96.2,85.0,75.0
15.506,73.8056,4.9,4.899,1788.2,5.424,27.7,71.5,Tier 2 - Highly Suitable,All India,64.8,95.7,65.0,75.0
15.506,74.1556,5.45,5.446,1987.6,6.0,27.7,78.2,Tier 2 - Highly Suitable,All India,79.6,95.7,65.0,75.0
15.506,74.5056,5.46,5.46,1993.1,5.878,27.2,81.5,Tier 2 - Highly Suitable,All India,80.0,96.5,65.0,90.0
15.506,74.8556,5.42,5.415,1976.6,5.989,27.2,80.9,Tier 2 - Highly Suitable,All India,78.8,96.5,65.0,90.0
15.506,75.2056,5.35,5.353,1953.7,5.743,27.1,80.2,Tier 2 - Highly Suitable,All India,77.1,96.6,65.0,90.0
15.506,75.5556,5.43,5.428,1981.3,5.861,28.6,80.7,Tier 2 - Highly Suitable,All India,79.1,94.2,65.0,90.0
15.506,75.9056,5.32,5.317,1940.7,5.652,26.8,83.8,Tier 2 - Highly Suitable,All India,76.1,97.1,85.0,90.0
15.506,76.2556,5.32,5.317,1940.8,5.84,27.9,83.6,Tier 2 - Highly Suitable,All India,76.1,95.4,85.0,90.0
15.506,76.6056,5.33,5.33,1945.3,5.736,28.7,83.5,Tier 2 - Highly Suitable,All India,76.5,94.1,85.0,90.0
15.506,76.9556,5.49,5.486,2002.3,5.822,27.0,85.8,Tier 1 - Prime Location,All India,80.7,96.8,85.0,90.0
15.506,77.3056,5.41,5.414,1976.2,5.868,28.6,84.6,Tier 2 - Highly Suitable,All India,78.8,94.2,85.0,90.0
15.506,77.6556,5.31,5.305,1936.5,5.827,28.5,83.3,Tier 2 - Highly Suitable,All India,75.8,94.4,85.0,90.0
15.506,78.0056,5.43,5.43,1981.8,5.793,27.3,85.1,Tier 1 - Prime Location,All India,79.2,96.3,85.0,90.0
15.506,78.3556,5.34,5.34,1949.1,5.739,27.5,83.9,Tier 2 - Highly Suitable,All India,76.8,96.0,85.0,90.0
15.506,78.7056,5.41,5.411,1975.0,5.761,28.6,84.5,Tier 2 - Highly Suitable,All India,78.7,94.2,85.0,90.0
15.506,79.0556,5.02,5.019,1831.8,5.557,28.4,79.8,Tier 2 - Highly Suitable,All India,68.1,94.6,85.0,90.0
15.506,79.4056,5.02,5.025,1834.0,5.332,28.1,80.0,Tier 2 - Highly Suitable,All India,68.2,95.0,85.0,90.0
15.506,79.7556,4.95,4.951,1807.1,5.237,28.5,76.0,Tier 2 - Highly Suitable,All India,66.2,94.4,85.0,75.0
15.506,80.1056,5.03,5.029,1835.4,5.424,26.9,77.3,Tier 2 - Highly Suitable,All India,68.4,97.0,85.0,75.0
15.856,73.8056,5.0,5.002,1825.9,5.351,27.9,72.7,Tier 2 - Highly Suitable,All India,67.6,95.4,65.0,75.0
15.856,74.1556,5.33,5.332,1946.2,5.697,27.0,77.0,Tier 2 - Highly Suitable,All India,76.5,96.8,65.0,75.0
15.856,74.5056,5.49,5.495,2005.6,5.872,26.9,82.0,Tier 2 - Highly Suitable,All India,80.9,97.0,65.0,90.0
15.856,74.8556,5.32,5.317,1940.7,5.841,27.4,79.7,Tier 2 - Highly Suitable,All India,76.1,96.2,65.0,90.0
15.856,75.2056,5.49,5.491,2004.0,5.975,27.5,81.8,Tier 2 - Highly Suitable,All India,80.8,96.0,65.0,90.0
15.856,75.5556,5.35,5.353,1953.9,5.81,28.2,79.9,Tier 2 - Highly Suitable,All India,77.1,94.9,65.0,90.0
15.856,75.9056,5.36,5.364,1957.7,5.838,28.5,84.0,Tier 2 - Highly Suitable,All India,77.4,94.4,85.0,90.0
15.856,76.2556,5.35,5.349,1952.3,5.654,28.4,83.8,Tier 2 - Highly Suitable,All India,77.0,94.6,85.0,90.0
15.856,76.6056,5.48,5.477,1999.2,6.008,28.0,85.5,Tier 1 - Prime Location,All India,80.5,95.2,85.0,90.0
15.856,76.9556,5.48,5.481,2000.7,5.817,27.0,85.8,Tier 1 - Prime Location,All India,80.6,96.8,85.0,90.0
15.856,77.3056,5.44,5.443,1986.8,5.826,28.2,85.0,Tier 1 - Prime Location,All India,79.5,94.9,85.0,90.0
15.856,77.6556,5.45,5.451,1989.5,5.961,26.7,85.5,Tier 1 - Prime Location,All India,79.8,97.3,85.0,90.0
15.856,78.0056,5.45,5.451,1989.4,5.858,27.3,85.3,Tier 1 - Prime Location,All India,79.8,96.3,85.0,90.0
15.856,78.3556,5.33,5.328,1944.9,5.822,28.3,83.6,Tier 2 - Highly Suitable,All India,76.4,94.7,85.0,90.0
15.856,78.7056,5.31,5.311,1938.5,5.641,28.5,83.3,Tier 2 - Highly Suitable,All India,76.0,94.4,85.0,90.0
15.856,79.0556,4.95,4.95,1806.6,5.466,27.0,79.3,Tier 2 - Highly Suitable,All India,66.2,96.8,85.0,90.0
15.856,79.4056,5.03,5.029,1835.5,5.295,27.9,80.1,Tier 2 - Highly Suitable,All India,68.4,95.4,85.0,90.0
15.856,79.7556,4.9,4.902,1789.3,5.38,28.4,75.4,Tier 2 - Highly Suitable,All India,64.9,94.6,85.0,75.0
15.856,80.1056,4.93,4.929,1799.2,5.376,27.4,76.0,Tier 2 - Highly Suitable,All India,65.6,96.2,85.0,75.0
15.856,80.4556,5.02,5.022,1833.1,5.285,28.1,76.9,Tier 2 - Highly Suitable,All India,68.2,95.0,85.0,75.0
15.856,80.8056,4.88,4.88,1781.1,5.134,26.9,75.5,Tier 2 - Highly Suitable,All India,64.3,97.0,85.0,75.0
16.206,73.4556,4.87,4.87,1777.5,5.236,28.0,71.1,Tier 2 - Highly Suitable,All India,64.1,95.2,65.0,75.0
16.206,73.8056,4.97,4.973,1815.2,5.347,26.8,72.6,Tier 2 - Highly Suitable,All India,66.8,97.1,65.0,75.0
16.206,74.1556,5.49,5.49,2003.9,5.864,28.1,78.6,Tier 2 - Highly Suitable,All India,80.8,95.0,65.0,75.0
16.206,74.5056,5.39,5.39,1967.2,5.968,28.0,80.4,Tier 2 - Highly Suitable,All India,78.1,95.2,65.0,90.0
16.206,74.8556,5.35,5.345,1951.0,5.777,27.4,80.0,Tier 2 - Highly Suitable,All India,76.9,96.2,65.0,90.0
16.206,75.2056,5.32,5.324,1943.4,5.713,28.2,79.6,Tier 2 - Highly Suitable,All India,76.3,94.9,65.0,90.0
16.206,75.5556,5.43,5.434,1983.3,5.904,27.9,81.0,Tier 2 - Highly Suitable,All India,79.3,95.4,65.0,90.0
16.206,75.9056,5.47,5.472,1997.1,5.838,27.0,85.7,Tier 1 - Prime Location,All India,80.3,96.8,85.0,90.0
16.206,76.2556,5.43,5.431,1982.2,5.771,26.8,85.2,Tier 1 - Prime Location,All India,79.2,97.1,85.0,90.0
16.206,76.6056,5.34,5.339,1948.7,5.781,26.7,84.1,Tier 2 - Highly Suitable,All India,76.7,97.3,85.0,90.0
16.206,76.9556,5.44,5.436,1984.1,5.945,27.5,85.1,Tier 1 - Prime Location,All India,79.4,96.0,85.0,90.0
16.206,77.3056,5.51,5.508,2010.5,6.06,27.8,85.9,Tier 1 - Prime Location,All India,81.3,95.5,85.0,90.0
16.206,77.6556,5.5,5.505,2009.2,5.851,27.2,86.0,Tier 1 - Prime Location,All India,81.2,96.5,85.0,90.0
16.206,78.0056,5.4,5.399,1970.5,5.819,27.2,84.7,Tier 2 - Highly Suitable,All India,78.4,96.5,85.0,90.0
16.206,78.3556,5.35,5.354,1954.4,5.757,28.3,83.9,Tier 2 - Highly Suitable,All India,77.1,94.7,85.0,90.0
16.206,78.7056,5.44,5.437,1984.5,5.848,26.7,85.3,Tier 1 - Prime Location,All India,79.4,97.3,85.0,90.0
16.206,79.0556,4.89,4.894,1786.5,5.409,27.7,78.5,Tier 2 - Highly Suitable,All India,64.7,95.7,85.0,90.0
16.206,79.4056,5.03,5.028,1835.2,5.35,27.8,80.1,Tier 2 - Highly Suitable,All India,68.3,95.5,85.0,90.0
16.206,79.7556,4.99,4.985,1819.7,5.261,27.0,76.7,Tier 2 - Highly Suitable,All India,67.2,96.8,85.0,75.0
16.206,80.1056,5.0,4.995,1823.2,5.262,28.3,76.6,Tier 2 - Highly Suitable,All India,67.4,94.7,85.0,75.0
16.206,80.4556,4.9,4.902,1789.1,5.191,26.6,75.8,Tier 2 - Highly Suitable,All India,64.9,97.4,85.0,75.0
16.206,80.8056,4.88,4.883,1782.3,5.395,26.8,75.6,Tier 2 - Highly Suitable,All India,64.4,97.1,85.0,75.0
16.206,81.1556,5.03,5.025,1834.2,5.512,27.8,77.0,Tier 2 - Highly Suitable,All India,68.2,95.5,85.0,75.0
16.556,73.4556,4.91,4.912,1792.8,5.279,27.8,71.7,Tier 2 - Highly Suitable,All India,65.2,95.5,65.0,75.0
16.556,73.8056,4.9,4.901,1788.8,5.172,27.0,71.7,Tier 2 - Highly Suitable,All India,64.9,96.8,65.0,75.0
16.556,74.1556,5.45,5.449,1988.8,5.9,26.8,78.4,Tier 2 - Highly Suitable,All India,79.7,97.1,65.0,75.0
16.556,74.5056,5.39,5.389,1966.9,5.73,26.8,80.7,Tier 2 - Highly Suitable,All India,78.1,97.1,65.0,90.0
16.556,74.8556,5.44,5.438,1984.7,5.949,27.4,81.2,Tier 2 - Highly Suitable,All India,79.4,96.2,65.0,90.0
16.556,75.2056,5.34,5.34,1949.2,5.867,26.7,80.1,Tier 2 - Highly Suitable,All India,76.8,97.3,65.0,90.0
16.556,75.5556,5.42,5.42,1978.2,5.709,28.2,80.7,Tier 2 - Highly Suitable,All India,78.9,94.9,65.0,90.0
16.556,75.9056,5.4,5.404,1972.6,5.875,28.0,84.6,Tier 2 - Highly Suitable,All India,78.5,95.2,85.0,90.0
16.556,76.2556,5.44,5.444,1987.2,6.02,26.7,85.4,Tier 1 - Prime Location,All India,79.6,97.3,85.0,90.0
16.556,76.6056,5.39,5.394,1968.8,5.856,26.2,84.9,Tier 2 - Highly Suitable,All India,78.2,98.1,85.0,90.0
16.556,76.9556,5.35,5.345,1951.1,5.843,28.1,83.9,Tier 2 - Highly Suitable,All India,76.9,95.0,85.0,90.0
16.556,77.3056,5.51,5.508,2010.6,5.834,27.8,85.9,Tier 1 - Prime Location,All India,81.3,95.5,85.0,90.0
16.556,77.6556,5.46,5.464,1994.3,5.899,27.6,85.4,Tier 1 - Prime Location,All India,80.1,95.8,85.0,90.0
16.556,78.0056,5.47,5.474,1998.2,5.843,26.8,85.7,Tier 1 - Prime Location,All India,80.4,97.1,85.0,90.0
16.556,78.3556,5.37,5.366,1958.6,5.662,26.8,84.4,Tier 2 - Highly Suitable,All India,77.5,97.1,85.0,90.0
16.556,78.7056,5.39,5.386,1965.7,5.696,27.3,84.5,Tier 2 - Highly Suitable,All India,78.0,96.3,85.0,90.0
16.556,79.0556,5.04,5.044,1841.2,5.361,27.7,80.3,Tier 2 - Highly Suitable,All India,68.8,95.7,85.0,90.0
16.556,79.4056,5.05,5.054,1844.7,5.398,28.1,80.3,Tier 2 - Highly Suitable,All India,69.0,95.0,85.0,90.0
16.556,79.7556,4.93,4.932,1800.1,5.468,26.4,76.2,Tier 2 - Highly Suitable,All India,65.7,97.8,85.0,75.0
16.556,80.1056,4.99,4.992,1822.1,5.473,27.9,76.6,Tier 2 - Highly Suitable,All India,67.4,95.4,85.0,75.0
16.556,80.4556,4.97,4.967,1813.1,5.317,26.6,76.6,Tier 2 - Highly Suitable,All India,66.7,97.4,85.0,75.0
16.556,80.8056,5.02,5.024,1833.7,5.503,26.6,77.3,Tier 2 - Highly Suitable,All India,68.2,97.4,85.0,75.0
16.556,81.1556,5.0,4.995,1823.3,5.533,28.0,76.6,Tier 2 - Highly Suitable,All India,67.4,95.2,85.0,75.0
16.556,81.5056,5.05,5.054,1844.6,5.493,26.5,77.7,Tier 2 - Highly Suitable,All India,69.0,97.6,85.0,75.0
16.556,81.8556,4.92,4.916,1794.2,5.254,28.1,75.6,Tier 2 - Highly Suitable,All India,65.3,95.0,85.0,75.0
16.906,73.4556,4.97,4.974,1815.6,5.398,27.3,72.5,Tier 2 - Highly Suitable,All India,66.9,96.3,65.0,75.0
16.906,73.8056,4.96,4.96,1810.5,5.462,27.4,72.3,Tier 2 - Highly Suitable,All India,66.5,96.2,65.0,75.0
16.906,74.1556,5.35,5.348,1951.9,5.849,26.5,77.3,Tier 2 - Highly Suitable,All India,77.0,97.6,65.0,75.0
16.906,74.5056,5.54,5.542,2022.8,6.023,27.6,82.4,Tier 2 - Highly Suitable,All India,82.2,95.8,65.0,90.0
16.906,74.8556,5.47,5.473,1997.8,5.895,27.4,81.6,Tier 2 - Highly Suitable,All India,80.4,96.2,65.0,90.0
16.906,75.2056,5.51,5.511,2011.7,5.856,27.3,82.1,Tier 2 - Highly Suitable,All India,81.4,96.3,65.0,90.0
16.906,75.5556,5.47,5.466,1995.1,5.832,26.1,81.8,Tier 2 - Highly Suitable,All India,80.2,98.2,65.0,90.0
16.906,75.9056,5.48,5.485,2002.0,5.897,26.7,85.9,Tier 1 - Prime Location,All India,80.7,97.3,85.0,90.0
16.906,76.2556,5.51,5.512,2011.9,6.028,27.1,86.1,Tier 1 - Prime Location,All India,81.4,96.6,85.0,90.0
16.906,76.6056,5.38,5.383,1964.8,5.714,26.3,84.8,Tier 2 - Highly Suitable,All India,77.9,97.9,85.0,90.0
16.906,76.9556,5.5,5.503,2008.6,5.852,26.8,86.1,Tier 1 - Prime Location,All India,81.2,97.1,85.0,90.0
16.906,77.3056,5.52,5.517,2013.5,5.863,26.8,86.3,Tier 1 - Prime Location,All India,81.5,97.1,85.0,90.0
16.906,77.6556,5.5,5.498,2006.8,6.01,27.9,85.8,Tier 1 - Prime Location,All India,81.0,95.4,85.0,90.0
16.906,78.0056,5.47,5.465,1994.8,5.872,26.1,85.8,Tier 1 - Prime Location,All India,80.1,98.2,85.0,90.0
16.906,78.3556,5.53,5.528,2017.7,5.832,26.4,86.5,Tier 1 - Prime Location,All India,81.8,97.8,85.0,90.0
16.906,78.7056,5.5,5.503,2008.5,6.013,27.6,85.9,Tier 1 - Prime Location,All India,81.2,95.8,85.0,90.0
16.906,79.0556,4.95,4.948,1805.9,5.441,27.6,79.1,Tier 2 - Highly Suitable,All India,66.2,95.8,85.0,90.0
16.906,79.4056,5.06,5.063,1848.0,5.418,27.6,80.5,Tier 2 - Highly Suitable,All India,69.3,95.8,85.0,90.0
16.906,79.7556,5.08,5.077,1853.2,5.406,26.3,78.0,Tier 2 - Highly Suitable,All India,69.6,97.9,85.0,75.0
16.906,80.1056,4.95,4.95,1806.7,5.495,27.6,76.2,Tier 2 - Highly Suitable,All India,66.2,95.8,85.0,75.0
16.906,80.4556,5.02,5.019,1832.0,5.279,26.1,77.4,Tier 2 - Highly Suitable,All India,68.1,98.2,85.0,75.0
16.906,80.8056,5.09,5.094,1859.3,5.544,28.0,77.8,Tier 2 - Highly Suitable,All India,70.1,95.2,85.0,75.0
16.906,81.1556,5.02,5.018,1831.7,5.544,27.0,77.1,Tier 2 - Highly Suitable,All India,68.1,96.8,85.0,75.0
16.906,81.5056,4.95,4.951,1807.3,5.394,26.4,76.5,Tier 2 - Highly Suitable,All India,66.2,97.8,85.0,75.0
16.906,81.8556,4.98,4.982,1818.3,5.417,27.2,76.7,Tier 2 - Highly Suitable,All India,67.1,96.5,85.0,75.0
16.906,82.2056,5.01,5.006,1827.3,5.504,26.5,77.1,Tier 2 - Highly Suitable,All India,67.7,97.6,85.0,75.0
17.256,73.4556,4.98,4.978,1816.8,5.262,27.0,72.7,Tier 2 - Highly Suitable,All India,67.0,96.8,65.0,75.0
17.256,73.8056,4.95,4.955,1808.5,5.27,27.5,72.3,Tier 2 - Highly Suitable,All India,66.4,96.0,65.0,75.0
17.256,74.1556,5.55,5.545,2024.0,5.91,27.1,79.5,Tier 2 - Highly Suitable,All India,82.3,96.6,65.0,75.0
17.256,74.5056,5.5,5.501,2007.9,5.865,26.5,82.1,Tier 2 - Highly Suitable,All India,81.1,97.6,65.0,90.0
17.256,74.8556,5.39,5.388,1966.8,5.68,26.4,80.8,Tier 2 - Highly Suitable,All India,78.1,97.8,65.0,90.0
17.256,75.2056,5.36,5.362,1957.0,5.882,26.7,80.4,Tier 2 - Highly Suitable,All India,77.4,97.3,65.0,90.0
17.256,75.5556,5.39,5.393,1968.6,5.703,26.1,80.9,Tier 2 - Highly Suitable,All India,78.2,98.2,65.0,90.0
17.256,75.9056,5.4,5.399,1970.7,5.876,27.9,84.6,Tier 2 - Highly Suitable,All India,78.4,95.4,85.0,90.0
17.256,76.2556,5.47,5.473,1997.5,5.781,26.4,85.8,Tier 1 - Prime Location,All India,80.4,97.8,85.0,90.0
17.256,76.6056,5.41,5.413,1975.7,5.868,26.3,85.1,Tier 1 - Prime Location,All India,78.7,97.9,85.0,90.0
17.256,76.9556,5.46,5.461,1993.3,6.012,27.4,85.4,Tier 1 - Prime Location,All India,80.0,96.2,85.0,90.0
17.256,77.3056,5.49,5.492,2004.6,5.825,26.5,86.0,Tier 1 - Prime Location,All India,80.9,97.6,85.0,90.0
17.256,77.6556,5.55,5.553,2026.9,5.969,27.3,86.6,Tier 1 - Prime Location,All India,82.5,96.3,85.0,90.0
17.256,78.0056,5.36,5.362,1957.3,5.762,26.4,84.5,Tier 2 - Highly Suitable,All India,77.4,97.8,85.0,90.0
17.256,78.3556,5.47,5.465,1994.7,5.954,27.4,85.5,Tier 1 - Prime Location,All India,80.1,96.2,85.0,90.0
17.256,78.7056,5.56,5.557,2028.1,6.013,27.7,86.5,Tier 1 - Prime Location,All India,82.6,95.7,85.0,90.0
17.256,79.0556,5.08,5.084,1855.5,5.521,26.1,81.2,Tier 2 - Highly Suitable,All India,69.8,98.2,85.0,90.0
17.256,79.4056,5.04,5.043,1840.9,5.533,27.0,80.4,Tier 2 - Highly Suitable,All India,68.7,96.8,85.0,90.0
17.256,79.7556,4.93,4.932,1800.3,5.303,26.1,76.3,Tier 2 - Highly Suitable,All India,65.7,98.2,85.0,75.0
17.256,80.1056,5.0,5.005,1826.8,5.392,26.2,77.2,Tier 2 - Highly Suitable,All India,67.7,98.1,85.0,75.0
17.256,80.4556,4.95,4.946,1805.4,5.212,25.9,76.5,Tier 2 - Highly Suitable,All India,66.1,98.6,85.0,75.0
17.256,80.8056,4.95,4.952,1807.4,5.242,27.1,76.3,Tier 2 - Highly Suitable,All India,66.3,96.6,85.0,75.0
17.256,81.1556,4.98,4.98,1817.5,5.372,26.4,76.8,Tier 2 - Highly Suitable,All India,67.0,97.8,85.0,75.0
17.256,81.5056,5.06,5.064,1848.5,5.364,26.8,77.8,Tier 2 - Highly Suitable,All India,69.3,97.1,85.0,75.0
17.256,81.8556,4.98,4.984,1819.3,5.528,27.8,76.5,Tier 2 - Highly Suitable,All India,67.1,95.5,85.0,75.0
17.256,82.2056,5.05,5.055,1844.9,5.456,27.6,77.5,Tier 2 - Highly Suitable,All India,69.1,95.8,85.0,75.0
17.606,73.4556,4.96,4.957,1809.2,5.418,27.6,76.3,Tier 2 - Highly Suitable,All India,66.4,95.8,85.0,75.0
17.606,73.8056,5.09,5.093,1859.1,5.39,27.2,78.0,Tier 2 - Highly Suitable,All India,70.1,96.5,85.0,75.0
17.606,74.1556,5.56,5.558,2028.8,5.926,27.5,83.6,Tier 2 - Highly Suitable,All India,82.6,96.0,85.0,75.0
17.606,74.5056,5.4,5.405,1972.7,5.732,26.9,84.9,Tier 2 - Highly Suitable,All India,78.5,97.0,85.0,90.0
17.606,74.8556,5.44,5.44,1985.7,5.743,26.5,85.4,Tier 1 - Prime Location,All India,79.5,97.6,85.0,90.0
17.606,75.2056,5.56,5.562,2030.0,5.894,26.2,87.0,Tier 1 - Prime Location,All India,82.8,98.1,85.0,90.0
17.606,75.5556,5.56,5.562,2030.1,5.881,27.3,86.7,Tier 1 - Prime Location,All India,82.8,96.3,85.0,90.0
17.606,75.9056,5.49,5.487,2002.8,6.046,25.7,86.2,Tier 1 - Prime Location,All India,80.7,98.9,85.0,90.0
17.606,76.2556,5.44,5.445,1987.3,5.739,26.1,85.6,Tier 1 - Prime Location,All India,79.6,98.2,85.0,90.0
17.606,76.6056,5.49,5.486,2002.2,5.822,27.1,85.8,Tier 1 - Prime Location,All India,80.7,96.6,85.0,90.0
17.606,76.9556,5.4,5.4,1971.1,5.825,27.5,84.7,Tier 2 - Highly Suitable,All India,78.4,96.0,85.0,90.0
17.606,77.3056,5.5,5.497,2006.4,6.073,26.5,86.1,Tier 1 - Prime Location,All India,81.0,97.6,85.0,90.0
17.606,77.6556,5.47,5.472,1997.4,5.951,26.1,85.9,Tier 1 - Prime Location,All India,80.3,98.2,85.0,90.0
17.606,78.0056,5.5,5.501,2007.9,5.861,27.6,85.9,Tier 1 - Prime Location,All India,81.1,95.8,85.0,90.0
17.606,78.3556,5.49,5.492,2004.5,5.823,27.5,85.8,Tier 1 - Prime Location,All India,80.9,96.0,85.0,90.0
17.606,78.7056,5.5,5.502,2008.2,5.96,27.0,86.0,Tier 1 - Prime Location,All India,81.1,96.8,85.0,90.0
17.606,79.0556,5.07,5.074,1851.9,5.556,26.3,81.0,Tier 2 - Highly Suitable,All India,69.6,97.9,85.0,90.0
17.606,79.4056,5.09,5.085,1856.1,5.387,26.3,81.1,Tier 2 - Highly Suitable,All India,69.9,97.9,85.0,90.0
17.606,79.7556,5.02,5.016,1830.9,5.478,27.5,77.0,Tier 2 - Highly Suitable,All India,68.0,96.0,85.0,75.0
17.606,80.1056,4.94,4.94,1803.0,5.192,27.3,76.1,Tier 2 - Highly Suitable,All India,65.9,96.3,85.0,75.0
17.606,80.4556,4.93,4.931,1799.8,5.289,27.3,76.0,Tier 2 - Highly Suitable,All India,65.7,96.3,85.0,75.0
17.606,80.8056,5.04,5.038,1838.8,5.387,26.9,77.4,Tier 2 - Highly Suitable,All India,68.6,97.0,85.0,75.0
17.606,81.1556,5.02,5.016,1830.8,5.27,27.2,77.1,Tier 2 - Highly Suitable,All India,68.0,96.5,85.0,75.0
17.606,81.5056,5.02,5.018,1831.4,5.479,26.1,77.4,Tier 2 - Highly Suitable,All India,68.1,98.2,85.0,75.0
17.606,81.8556,4.99,4.989,1820.8,5.393,26.7,76.9,Tier 2 - Highly Suitable,All India,67.3,97.3,85.0,75.0
17.606,82.2056,5.04,5.039,1839.2,5.518,27.1,77.4,Tier 2 - Highly Suitable,All India,68.6,96.6,85.0,75.0
17.606,82.5556,5.0,5.001,1825.2,5.506,26.8,77.0,Tier 2 - Highly Suitable,All India,67.6,97.1,85.0,75.0
17.606,82.9056,5.04,5.039,1839.2,5.513,26.3,77.6,Tier 2 - Highly Suitable,All India,68.6,97.9,85.0,75.0
17.956,73.1056,5.02,5.024,1833.7,5.329,27.0,77.2,Tier 2 - Highly Suitable,All India,68.2,96.8,85.0,75.0
17.956,73.4556,5.13,5.13,1872.3,5.485,25.7,78.8,Tier 2 - Highly Suitable,All India,71.1,98.9,85.0,75.0
17.956,73.8056,4.97,4.975,1815.7,5.244,27.0,76.6,Tier 2 - Highly Suitable,All India,66.9,96.8,85.0,75.0
17.956,74.1556,5.5,5.501,2008.0,5.98,26.2,83.2,Tier 2 - Highly Suitable,All India,81.1,98.1,85.0,75.0
17.956,74.5056,5.56,5.565,2031.1,6.103,26.5,86.9,Tier 1 - Prime Location,All India,82.8,97.6,85.0,90.0
17.956,74.8556,5.58,5.583,2037.9,6.126,26.8,87.1,Tier 1 - Prime Location,All India,83.3,97.1,85.0,90.0
17.956,75.2056,5.47,5.467,1995.6,5.868,26.9,85.6,Tier 1 - Prime Location,All India,80.2,97.0,85.0,90.0
17.956,75.5556,5.47,5.468,1995.7,5.837,26.1,85.8,Tier 1 - Prime Location,All India,80.2,98.2,85.0,90.0
17.956,75.9056,5.57,5.565,2031.4,5.871,25.6,87.1,Tier 1 - Prime Location,All India,82.8,99.0,85.0,90.0
17.956,76.2556,5.45,5.454,1990.8,6.039,27.1,85.4,Tier 1 - Prime Location,All India,79.8,96.6,85.0,90.0
17.956,76.6056,5.48,5.479,1999.8,5.861,26.8,85.8,Tier 1 - Prime Location,All India,80.5,97.1,85.0,90.0
17.956,76.9556,5.49,5.493,2004.8,5.904,26.7,86.0,Tier 1 - Prime Location,All India,80.9,97.3,85.0,90.0
17.956,77.3056,5.55,5.547,2024.7,5.943,26.4,86.7,Tier 1 - Prime Location,All India,82.4,97.8,85.0,90.0
17.956,77.6556,5.55,5.551,2026.1,6.035,26.4,86.8,Tier 1 - Prime Location,All India,82.5,97.8,85.0,90.0
17.956,78.0056,5.46,5.46,1992.9,5.88,27.2,85.5,Tier 1 - Prime Location,All India,80.0,96.5,85.0,90.0
17.956,78.3556,5.48,5.484,2001.6,5.814,26.7,85.9,Tier 1 - Prime Location,All India,80.6,97.3,85.0,90.0
17.956,78.7056,5.56,5.558,2028.6,6.119,25.9,87.0,Tier 1 - Prime Location,All India,82.6,98.6,85.0,90.0
17.956,79.0556,5.07,5.069,1850.1,5.462,27.4,80.7,Tier 2 - Highly Suitable,All India,69.4,96.2,85.0,90.0
17.956,79.4056,4.99,4.994,1822.8,5.274,26.1,80.1,Tier 2 - Highly Suitable,All India,67.4,98.2,85.0,90.0
17.956,79.7556,4.98,4.983,1818.9,5.258,26.9,76.7,Tier 2 - Highly Suitable,All India,67.1,97.0,85.0,75.0
17.956,80.1056,4.97,4.972,1814.7,5.343,25.7,76.9,Tier 2 - Highly Suitable,All India,66.8,98.9,85.0,75.0
17.956,80.4556,5.01,5.015,1830.5,5.521,27.1,77.1,Tier 2 - Highly Suitable,All India,68.0,96.6,85.0,75.0
17.956,80.8056,4.94,4.939,1802.8,5.404,27.5,76.1,Tier 2 - Highly Suitable,All India,65.9,96.0,85.0,75.0
17.956,81.1556,5.06,5.065,1848.7,5.451,26.0,78.0,Tier 2 - Highly Suitable,All India,69.3,98.4,85.0,75.0
17.956,81.5056,5.13,5.129,1872.0,5.461,25.9,78.8,Tier 2 - Highly Suitable,All India,71.1,98.6,85.0,75.0
17.956,81.8556,5.0,4.996,1823.4,5.255,26.2,77.1,Tier 2 - Highly Suitable,All India,67.5,98.1,85.0,75.0
17.956,82.2056,5.05,5.046,1841.8,5.319,26.5,77.6,Tier 2 - Highly Suitable,All India,68.8,97.6,85.0,75.0
17.956,82.5556,5.1,5.099,1861.0,5.394,26.5,78.2,Tier 2 - Highly Suitable,All India,70.2,97.6,85.0,75.0
17.956,82.9056,5.06,5.064,1848.4,5.609,26.9,77.7,Tier 2 - Highly Suitable,All India,69.3,97.0,85.0,75.0
17.956,83.2556,5.11,5.109,1864.8,5.521,26.4,78.4,Tier 2 - Highly Suitable,All India,70.5,97.8,85.0,75.0
18.306,73.1056,4.96,4.961,1810.9,5.465,26.3,76.6,Tier 2 - Highly Suitable,All India,66.5,97.9,85.0,75.0
18.306,73.4556,5.03,5.035,1837.6,5.553,25.8,77.6,Tier 2 - Highly Suitable,All India,68.5,98.7,85.0,75.0
18.306,73.8056,5.03,5.028,1835.1,5.365,25.6,77.6,Tier 2 - Highly Suitable,All India,68.3,99.0,85.0,75.0
18.306,74.1556,5.09,5.087,1856.8,5.565,26.0,78.2,Tier 2 - Highly Suitable,All India,69.9,98.4,85.0,75.0
18.306,74.5056,4.99,4.986,1819.9,5.267,26.8,76.8,Tier 2 - Highly Suitable,All India,67.2,97.1,85.0,75.0
18.306,74.8556,5.0,5.003,1826.2,5.422,26.2,77.2,Tier 2 - Highly Suitable,All India,67.6,98.1,85.0,75.0
18.306,75.2056,5.05,5.051,1843.7,5.586,26.6,77.6,Tier 2 - Highly Suitable,All India,68.9,97.4,85.0,75.0
18.306,75.5556,5.12,5.118,1867.9,5.397,26.7,78.4,Tier 2 - Highly Suitable,All India,70.8,97.3,85.0,75.0
18.306,75.9056,4.98,4.98,1817.7,5.276,27.1,76.7,Tier 2 - Highly Suitable,All India,67.0,96.6,85.0,75.0
18.306,76.2556,5.0,5.005,1826.7,5.346,26.1,77.2,Tier 2 - Highly Suitable,All India,67.7,98.2,85.0,75.0
18.306,76.6056,5.09,5.089,1857.6,5.639,27.1,78.0,Tier 2 - Highly Suitable,All India,70.0,96.6,85.0,75.0
18.306,76.9556,5.15,5.149,1879.3,5.692,26.5,78.9,Tier 2 - Highly Suitable,All India,71.6,97.6,85.0,75.0
18.306,77.3056,5.11,5.112,1865.8,5.42,25.9,78.6,Tier 2 - Highly Suitable,All India,70.6,98.6,85.0,75.0
18.306,77.6556,5.06,5.063,1848.2,5.374,27.0,77.7,Tier 2 - Highly Suitable,All India,69.3,96.8,85.0,75.0
18.306,78.0056,5.01,5.015,1830.4,5.504,26.4,77.3,Tier 2 - Highly Suitable,All India,68.0,97.8,85.0,75.0
18.306,78.3556,4.99,4.986,1820.0,5.283,25.7,77.1,Tier 2 - Highly Suitable,All India,67.2,98.9,85.0,75.0
18.306,78.7056,4.99,4.993,1822.4,5.36,27.1,76.8,Tier 2 - Highly Suitable,All India,67.4,96.6,85.0,75.0
18.306,79.0556,4.97,4.966,1812.5,5.232,26.7,76.6,Tier 2 - Highly Suitable,All India,66.6,97.3,85.0,75.0
18.306,79.4056,5.13,5.134,1874.0,5.475,26.9,78.6,Tier 2 - Highly Suitable,All India,71.2,97.0,85.0,75.0
18.306,79.7556,4.96,4.964,1812.0,5.25,25.5,76.8,Tier 2 - Highly Suitable,All India,66.6,99.2,85.0,75.0
18.306,80.1056,5.0,5.001,1825.2,5.37,26.2,77.1,Tier 2 - Highly Suitable,All India,67.6,98.1,85.0,75.0
18.306,80.4556,4.99,4.99,1821.4,5.488,26.3,77.0,Tier 2 - Highly Suitable,All India,67.3,97.9,85.0,75.0
18.306,80.8056,5.1,5.099,1861.0,5.641,25.5,78.5,Tier 2 - Highly Suitable,All India,70.2,99.2,85.0,75.0
18.306,81.1556,4.98,4.982,1818.6,5.437,26.5,76.8,Tier 2 - Highly Suitable,All India,67.1,97.6,85.0,75.0
18.306,81.5056,4.96,4.961,1810.8,5.211,25.7,76.8,Tier 2 - Highly Suitable,All India,66.5,98.9,85.0,75.0
18.306,81.8556,5.07,5.07,1850.7,5.571,27.0,77.8,Tier 2 - Highly Suitable,All India,69.5,96.8,85.0,75.0
18.306,82.2056,5.09,5.094,1859.4,5.649,26.4,78.2,Tier 2 - Highly Suitable,All India,70.1,97.8,85.0,75.0
18.306,82.5556,4.97,4.973,1815.2,5.271,27.0,76.6,Tier 2 - Highly Suitable,All India,66.8,96.8,85.0,75.0
18.306,82.9056,5.1,5.096,1860.0,5.403,25.9,78.4,Tier 2 - Highly Suitable,All India,70.2,98.6,85.0,75.0
18.306,83.2556,4.95,4.953,1807.9,5.397,26.3,76.5,Tier 2 - Highly Suitable,All India,66.3,97.9,85.0,75.0
18.306,83.6056,5.13,5.13,1872.4,5.645,27.2,78.5,Tier 2 - Highly Suitable,All India,71.1,96.5,85.0,75.0
18.306,83.9556,5.13,5.135,1874.2,5.693,26.5,78.7,Tier 2 - Highly Suitable,All India,71.2,97.6,85.0,75.0
18.656,73.1056,5.03,5.034,1837.5,5.29,26.5,77.5,Tier 2 - Highly Suitable,All India,68.5,97.6,85.0,75.0
18.656,73.4556,5.16,5.164,1884.8,5.59,26.8,79.0,Tier 2 - Highly Suitable,All India,72.0,97.1,85.0,75.0
18.656,73.8056,5.06,5.056,1845.5,5.468,26.2,77.8,Tier 2 - Highly Suitable,All India,69.1,98.1,85.0,75.0
18.656,74.1556,4.99,4.987,1820.3,5.532,25.7,77.1,Tier 2 - Highly Suitable,All India,67.2,98.9,85.0,75.0
18.656,74.5056,4.98,4.978,1817.1,5.286,26.4,76.8,Tier 2 - Highly Suitable,All India,67.0,97.8,85.0,75.0
18.656,74.8556,5.02,5.02,1832.4,5.565,26.5,77.3,Tier 2 - Highly Suitable,All India,68.1,97.6,85.0,75.0
18.656,75.2056,5.09,5.089,1857.4,5.502,25.5,78.4,Tier 2 - Highly Suitable,All India,70.0,99.2,85.0,75.0
18.656,75.5556,5.01,5.005,1827.0,5.382,26.5,77.1,Tier 2 - Highly Suitable,All India,67.7,97.6,85.0,75.0
18.656,75.9056,5.11,5.105,1863.4,5.598,26.0,78.4,Tier 2 - Highly Suitable,All India,70.4,98.4,85.0,75.0
18.656,76.2556,5.09,5.086,1856.5,5.549,27.0,78.0,Tier 2 - Highly Suitable,All India,69.9,96.8,85.0,75.0
18.656,76.6056,5.13,5.13,1872.3,5.583,26.8,78.6,Tier 2 - Highly Suitable,All India,71.1,97.1,85.0,75.0
18.656,76.9556,5.08,5.079,1853.8,5.337,26.3,78.1,Tier 2 - Highly Suitable,All India,69.7,97.9,85.0,75.0
18.656,77.3056,4.99,4.99,1821.3,5.326,25.3,77.2,Tier 2 - Highly Suitable,All India,67.3,99.5,85.0,75.0
18.656,77.6556,5.02,5.022,1833.0,5.285,25.3,77.6,Tier 2 - Highly Suitable,All India,68.2,99.5,85.0,75.0
18.656,78.0056,5.13,5.127,1871.4,5.518,25.5,78.8,Tier 2 - Highly Suitable,All India,71.0,99.2,85.0,75.0
18.656,78.3556,5.03,5.027,1834.9,5.301,27.1,77.2,Tier 2 - Highly Suitable,All India,68.3,96.6,85.0,75.0
18.656,78.7056,5.09,5.088,1857.2,5.547,27.0,78.0,Tier 2 - Highly Suitable,All India,69.9,96.8,85.0,75.0
18.656,79.0556,5.09,5.089,1857.6,5.518,26.5,78.1,Tier 2 - Highly Suitable,All India,70.0,97.6,85.0,75.0
18.656,79.4056,5.01,5.009,1828.4,5.447,25.5,77.4,Tier 2 - Highly Suitable,All India,67.8,99.2,85.0,75.0
18.656,79.7556,5.08,5.084,1855.5,5.48,25.9,78.2,Tier 2 - Highly Suitable,All India,69.8,98.6,85.0,75.0
18.656,80.1056,5.01,5.011,1829.1,5.423,25.2,77.5,Tier 2 - Highly Suitable,All India,67.9,99.7,85.0,75.0
18.656,80.4556,5.05,5.053,1844.4,5.57,26.3,77.7,Tier 2 - Highly Suitable,All India,69.0,97.9,85.0,75.0
18.656,80.8056,4.97,4.975,1815.8,5.336,25.9,76.9,Tier 2 - Highly Suitable,All India,66.9,98.6,85.0,75.0
18.656,81.1556,4.98,4.981,1818.2,5.259,25.8,77.0,Tier 2 - Highly Suitable,All India,67.1,98.7,85.0,75.0
18.656,81.5056,4.99,4.987,1820.2,5.53,25.6,77.1,Tier 2 - Highly Suitable,All India,67.2,99.0,85.0,75.0
18.656,81.8556,5.1,5.1,1861.5,5.507,26.3,78.3,Tier 2 - Highly Suitable,All India,70.3,97.9,85.0,75.0
18.656,82.2056,5.02,5.022,1833.2,5.339,27.0,77.2,Tier 2 - Highly Suitable,All India,68.2,96.8,85.0,75.0
18.656,82.5556,5.0,4.996,1823.4,5.53,27.1,76.9,Tier 2 - Highly Suitable,All India,67.5,96.6,85.0,75.0
18.656,82.9056,5.02,5.016,1830.9,5.435,27.1,77.1,Tier 2 - Highly Suitable,All India,68.0,96.6,85.0,75.0
18.656,83.2556,5.13,5.131,1872.8,5.547,25.5,78.9,Tier 2 - Highly Suitable,All India,71.1,99.2,85.0,75.0
18.656,83.6056,5.04,5.04,1839.8,5.496,26.1,77.6,Tier 2 - Highly Suitable,All India,68.6,98.2,85.0,75.0
18.656,83.9556,5.0,5.002,1825.8,5.414,27.0,76.9,Tier 2 - Highly Suitable,All India,67.6,96.8,85.0,75.0
18.656,84.3056,5.06,5.062,1847.6,5.335,26.4,77.8,Tier 2 - Highly Suitable,All India,69.2,97.8,85.0,75.0
19.006,73.1056,4.99,4.991,1821.8,5.255,26.0,77.1,Tier 2 - Highly Suitable,All India,67.3,98.4,85.0,75.0
19.006,73.4556,5.0,5.003,1826.0,5.431,25.8,77.2,Tier 2 - Highly Suitable,All India,67.6,98.7,85.0,75.0
19.006,73.8056,4.99,4.989,1820.8,5.515,25.3,77.2,Tier 2 - Highly Suitable,All India,67.3,99.5,85.0,75.0
19.006,74.1556,5.04,5.035,1837.8,5.521,25.9,77.6,Tier 2 - Highly Suitable,All India,68.5,98.6,85.0,75.0
19.006,74.5056,5.03,5.031,1836.2,5.301,26.3,77.5,Tier 2 - Highly Suitable,All India,68.4,97.9,85.0,75.0
19.006,74.8556,5.17,5.169,1886.9,5.444,26.6,79.1,Tier 2 - Highly Suitable,All India,72.1,97.4,85.0,75.0
19.006,75.2056,5.11,5.107,1864.2,5.432,26.6,78.3,Tier 2 - Highly Suitable,All India,70.5,97.4,85.0,75.0
19.006,75.5556,5.03,5.032,1836.7,5.361,26.4,77.5,Tier 2 - Highly Suitable,All India,68.4,97.8,85.0,75.0
19.006,75.9056,5.12,5.124,1870.1,5.411,25.2,78.9,Tier 2 - Highly Suitable,All India,70.9,99.7,85.0,75.0
19.006,76.2556,5.1,5.098,1860.9,5.568,26.6,78.2,Tier 2 - Highly Suitable,All India,70.2,97.4,85.0,75.0
19.006,76.6056,5.02,5.023,1833.5,5.314,25.8,77.5,Tier 2 - Highly Suitable,All India,68.2,98.7,85.0,75.0
19.006,76.9556,5.02,5.017,1831.2,5.431,25.3,77.5,Tier 2 - Highly Suitable,All India,68.0,99.5,85.0,75.0
19.006,77.3056,5.17,5.169,1886.7,5.71,25.7,79.3,Tier 2 - Highly Suitable,All India,72.1,98.9,85.0,75.0
19.006,77.6556,5.16,5.158,1882.5,5.696,26.6,78.9,Tier 2 - Highly Suitable,All India,71.8,97.4,85.0,75.0
19.006,78.0056,5.13,5.128,1871.7,5.582,25.6,78.8,Tier 2 - Highly Suitable,All India,71.0,99.0,85.0,75.0
19.006,78.3556,5.0,4.999,1824.5,5.454,25.3,77.3,Tier 2 - Highly Suitable,All India,67.5,99.5,85.0,75.0
19.006,78.7056,5.14,5.14,1876.1,5.583,26.2,78.8,Tier 2 - Highly Suitable,All India,71.4,98.1,85.0,75.0
19.006,79.0556,5.17,5.169,1886.7,5.573,26.6,79.1,Tier 2 - Highly Suitable,All India,72.1,97.4,85.0,75.0
19.006,79.4056,5.06,5.056,1845.5,5.419,26.5,77.7,Tier 2 - Highly Suitable,All India,69.1,97.6,85.0,75.0
19.006,79.7556,5.15,5.154,1881.3,5.501,26.3,79.0,Tier 2 - Highly Suitable,All India,71.7,97.9,85.0,75.0
19.006,80.1056,5.09,5.09,1857.9,5.441,27.0,78.0,Tier 2 - Highly Suitable,All India,70.0,96.8,85.0,75.0
19.006,80.4556,5.04,5.044,1841.0,5.48,26.6,77.6,Tier 2 - Highly Suitable,All India,68.8,97.4,85.0,75.0
19.006,80.8056,5.06,5.063,1848.1,5.546,26.0,77.9,Tier 2 - Highly Suitable,All India,69.3,98.4,85.0,75.0
19.006,81.1556,5.15,5.152,1880.6,5.708,26.1,79.0,Tier 2 - Highly Suitable,All India,71.7,98.2,85.0,75.0
19.006,81.5056,5.17,5.167,1886.0,5.676,25.1,79.4,Tier 2 - Highly Suitable,All India,72.1,99.8,85.0,75.0
19.006,81.8556,5.05,5.054,1844.8,5.497,25.1,78.0,Tier 2 - Highly Suitable,All India,69.0,99.8,85.0,75.0
19.006,82.2056,5.02,5.02,1832.2,5.35,26.1,77.4,Tier 2 - Highly Suitable,All India,68.1,98.2,85.0,75.0
19.006,82.5556,5.13,5.134,1873.7,5.636,25.8,78.8,Tier 2 - Highly Suitable,All India,71.2,98.7,85.0,75.0
19.006,82.9056,5.15,5.152,1880.6,5.574,25.0,78.5,Tier 2 - Highly Suitable,All India,71.7,95.0,85.0,75.0
19.006,83.2556,5.07,5.075,1852.2,5.628,26.2,78.0,Tier 2 - Highly Suitable,All India,69.6,98.1,85.0,75.0
19.006,83.6056,5.15,5.154,1881.1,5.426,25.2,79.2,Tier 2 - Highly Suitable,All India,71.7,99.7,85.0,75.0
19.006,83.9556,5.14,5.143,1877.1,5.514,25.1,79.1,Tier 2 - Highly Suitable,All India,71.4,99.8,85.0,75.0
19.006,84.3056,5.11,5.108,1864.3,5.63,25.3,78.6,Tier 2 - Highly Suitable,All India,70.5,99.5,85.0,75.0
19.006,84.6556,5.18,5.176,1889.3,5.679,25.9,79.3,Tier 2 - Highly Suitable,All India,72.3,98.6,85.0,75.0
19.356,73.1056,5.08,5.076,1852.8,5.4,26.0,78.1,Tier 2 - Highly Suitable,All India,69.6,98.4,85.0,75.0
19.356,73.4556,5.18,5.176,1889.4,5.639,26.4,79.2,Tier 2 - Highly Suitable,All India,72.3,97.8,85.0,75.0
19.356,73.8056,5.14,5.139,1875.7,5.607,25.3,79.0,Tier 2 - Highly Suitable,All India,71.3,99.5,85.0,75.0
19.356,74.1556,5.14,5.142,1876.8,5.627,26.8,78.7,Tier 2 - Highly Suitable,All India,71.4,97.1,85.0,75.0
19.356,74.5056,5.14,5.142,1876.8,5.689,26.1,78.9,Tier 2 - Highly Suitable,All India,71.4,98.2,85.0,75.0
19.356,74.8556,5.18,5.177,1889.6,5.609,26.1,79.3,Tier 2 - Highly Suitable,All India,72.4,98.2,85.0,75.0
19.356,75.2056,5.16,5.161,1883.8,5.459,25.3,79.3,Tier 2 - Highly Suitable,All India,71.9,99.5,85.0,75.0
19.356,75.5556,5.1,5.104,1863.1,5.368,26.0,78.4,Tier 2 - Highly Suitable,All India,70.4,98.4,85.0,75.0
19.356,75.9056,5.18,5.184,1892.1,5.481,25.5,79.5,Tier 2 - Highly Suitable,All India,72.5,99.2,85.0,75.0
19.356,76.2556,5.1,5.099,1861.0,5.55,25.6,78.5,Tier 2 - Highly Suitable,All India,70.2,99.0,85.0,75.0
19.356,76.6056,5.04,5.036,1838.3,5.564,25.5,77.7,Tier 2 - Highly Suitable,All India,68.5,99.2,85.0,75.0
19.356,76.9556,5.17,5.166,1885.7,5.669,25.4,79.3,Tier 2 - Highly Suitable,All India,72.1,99.4,85.0,75.0
19.356,77.3056,5.09,5.095,1859.5,5.6,26.1,78.3,Tier 2 - Highly Suitable,All India,70.1,98.2,85.0,75.0
19.356,77.6556,5.18,5.178,1889.9,5.589,25.8,79.4,Tier 2 - Highly Suitable,All India,72.4,98.7,85.0,75.0
19.356,78.0056,5.07,5.066,1849.1,5.432,26.5,77.8,Tier 2 - Highly Suitable,All India,69.4,97.6,85.0,75.0
19.356,78.3556,5.02,5.02,1832.4,5.322,25.5,77.5,Tier 2 - Highly Suitable,All India,68.1,99.2,85.0,75.0
19.356,78.7056,5.17,5.171,1887.5,5.646,25.2,79.4,Tier 2 - Highly Suitable,All India,72.2,99.7,85.0,75.0
19.356,79.0556,5.08,5.079,1853.8,5.51,26.2,78.1,Tier 2 - Highly Suitable,All India,69.7,98.1,85.0,75.0
19.356,79.4056,5.12,5.121,1869.1,5.381,26.5,78.5,Tier 2 - Highly Suitable,All India,70.8,97.6,85.0,75.0
19.356,79.7556,5.18,5.177,1889.8,5.469,26.1,79.3,Tier 2 - Highly Suitable,All India,72.4,98.2,85.0,75.0
19.356,80.1056,5.03,5.03,1836.1,5.386,26.4,77.4,Tier 2 - Highly Suitable,All India,68.4,97.8,85.0,75.0
19.356,80.4556,5.0,5.004,1826.4,5.335,26.8,77.0,Tier 2 - Highly Suitable,All India,67.7,97.1,85.0,75.0
19.356,80.8056,5.0,4.998,1824.2,5.397,25.0,76.6,Tier 2 - Highly Suitable,All India,67.5,95.0,85.0,75.0
19.356,81.1556,5.01,5.006,1827.2,5.531,25.1,77.5,Tier 2 - Highly Suitable,All India,67.7,99.8,85.0,75.0
19.356,81.5056,5.15,5.148,1879.0,5.483,26.2,78.9,Tier 2 - Highly Suitable,All India,71.6,98.1,85.0,75.0
19.356,81.8556,5.11,5.113,1866.3,5.662,25.7,78.6,Tier 2 - Highly Suitable,All India,70.6,98.9,85.0,75.0
19.356,82.2056,5.11,5.111,1865.4,5.544,25.7,78.6,Tier 2 - Highly Suitable,All India,70.6,98.9,85.0,75.0
19.356,82.5556,5.06,5.057,1845.8,5.601,26.0,77.9,Tier 2 - Highly Suitable,All India,69.1,98.4,85.0,75.0
19.356,82.9056,5.02,5.021,1832.6,5.558,25.4,77.6,Tier 2 - Highly Suitable,All India,68.1,99.4,85.0,75.0
19.356,83.2556,5.12,5.12,1868.9,5.523,25.8,78.7,Tier 2 - Highly Suitable,All India,70.8,98.7,85.0,75.0
19.356,83.6056,5.07,5.066,1849.0,5.324,25.8,78.0,Tier 2 - Highly Suitable,All India,69.4,98.7,85.0,75.0
19.356,83.9556,5.01,5.007,1827.6,5.337,26.7,77.1,Tier 2 - Highly Suitable,All India,67.8,97.3,85.0,75.0
19.356,84.3056,5.08,5.082,1855.0,5.604,26.7,78.0,Tier 2 - Highly Suitable,All India,69.8,97.3,85.0,75.0
19.356,84.6556,5.04,5.039,1839.3,5.416,25.9,77.7,Tier 2 - Highly Suitable,All India,68.6,98.6,85.0,75.0
19.356,85.0056,5.0,5.004,1826.5,5.337,26.7,77.0,Tier 2 - Highly Suitable,All India,67.7,97.3,85.0,75.0
19.706,72.7556,5.17,5.173,1888.2,5.631,25.3,79.4,Tier 2 - Highly Suitable,All India,72.2,99.5,85.0,75.0
19.706,73.1056,5.2,5.195,1896.3,5.512,25.4,79.7,Tier 2 - Highly Suitable,All India,72.8,99.4,85.0,75.0
19.706,73.4556,5.11,5.106,1863.6,5.476,26.0,78.5,Tier 2 - Highly Suitable,All India,70.4,98.4,85.0,75.0
19.706,73.8056,5.02,5.016,1830.7,5.344,25.8,77.4,Tier 2 - Highly Suitable,All India,68.0,98.7,85.0,75.0
19.706,74.1556,5.17,5.165,1885.4,5.484,26.5,79.1,Tier 2 - Highly Suitable,All India,72.0,97.6,85.0,75.0
19.706,74.5056,5.18,5.184,1892.3,5.611,25.7,79.5,Tier 2 - Highly Suitable,All India,72.5,98.9,85.0,75.0
19.706,74.8556,5.14,5.143,1877.1,5.699,25.6,79.0,Tier 2 - Highly Suitable,All India,71.4,99.0,85.0,75.0
19.706,75.2056,5.09,5.089,1857.7,5.619,26.5,78.1,Tier 2 - Highly Suitable,All India,70.0,97.6,85.0,75.0
19.706,75.5556,5.11,5.109,1865.0,5.573,26.2,78.4,Tier 2 - Highly Suitable,All India,70.5,98.1,85.0,75.0
19.706,75.9056,5.16,5.156,1881.8,5.475,25.5,79.2,Tier 2 - Highly Suitable,All India,71.8,99.2,85.0,75.0
19.706,76.2556,5.02,5.021,1832.8,5.392,25.4,77.6,Tier 2 - Highly Suitable,All India,68.1,99.4,85.0,75.0
19.706,76.6056,5.02,5.022,1833.0,5.531,25.8,77.5,Tier 2 - Highly Suitable,All India,68.2,98.7,85.0,75.0
19.706,76.9556,5.07,5.065,1848.8,5.597,24.9,77.5,Tier 2 - Highly Suitable,All India,69.3,95.0,85.0,75.0
19.706,77.3056,5.1,5.095,1859.7,5.379,25.8,78.4,Tier 2 - Highly Suitable,All India,70.1,98.7,85.0,75.0
19.706,77.6556,5.16,5.157,1882.3,5.457,24.9,78.6,Tier 2 - Highly Suitable,All India,71.8,95.0,85.0,75.0
19.706,78.0056,5.05,5.047,1842.0,5.489,25.5,77.9,Tier 2 - Highly Suitable,All India,68.8,99.2,85.0,75.0
19.706,78.3556,5.15,5.148,1878.9,5.514,26.6,78.8,Tier 2 - Highly Suitable,All India,71.6,97.4,85.0,75.0
19.706,78.7056,5.19,5.193,1895.5,5.501,26.2,79.5,Tier 2 - Highly Suitable,All India,72.8,98.1,85.0,75.0
19.706,79.0556,5.17,5.169,1886.9,5.584,25.2,79.4,Tier 2 - Highly Suitable,All India,72.1,99.7,85.0,75.0
19.706,79.4056,5.05,5.049,1843.0,5.394,26.4,77.7,Tier 2 - Highly Suitable,All India,68.9,97.8,85.0,75.0
19.706,79.7556,5.14,5.141,1876.5,5.52,25.3,79.0,Tier 2 - Highly Suitable,All India,71.4,99.5,85.0,75.0
19.706,80.1056,5.2,5.204,1899.5,5.655,26.1,79.6,Tier 2 - Highly Suitable,All India,73.1,98.2,85.0,75.0
19.706,80.4556,5.12,5.12,1868.8,5.592,25.0,78.1,Tier 2 - Highly Suitable,All India,70.8,95.0,85.0,75.0
19.706,80.8056,5.18,5.179,1890.3,5.742,25.5,79.5,Tier 2 - Highly Suitable,All India,72.4,99.2,85.0,75.0
19.706,81.1556,5.12,5.12,1868.8,5.439,26.2,78.6,Tier 2 - Highly Suitable,All India,70.8,98.1,85.0,75.0
19.706,81.5056,5.15,5.15,1879.8,5.661,24.9,78.5,Tier 2 - Highly Suitable,All India,71.6,95.0,85.0,75.0
19.706,81.8556,5.07,5.066,1849.0,5.53,26.2,77.9,Tier 2 - Highly Suitable,All India,69.4,98.1,85.0,75.0
19.706,82.2056,5.13,5.129,1872.2,5.606,26.6,78.6,Tier 2 - Highly Suitable,All India,71.1,97.4,85.0,75.0
19.706,82.5556,5.08,5.084,1855.5,5.361,25.9,78.2,Tier 2 - Highly Suitable,All India,69.8,98.6,85.0,75.0
19.706,82.9056,5.09,5.088,1857.1,5.536,26.2,78.2,Tier 2 - Highly Suitable,All India,69.9,98.1,85.0,75.0
19.706,83.2556,5.03,5.035,1837.7,5.536,25.6,77.7,Tier 2 - Highly Suitable,All India,68.5,99.0,85.0,75.0
19.706,83.6056,5.05,5.055,1845.0,5.465,24.8,77.3,Tier 2 - Highly Suitable,All India,69.1,95.1,85.0,75.0
19.706,83.9556,5.12,5.122,1869.6,5.509,26.5,78.5,Tier 2 - Highly Suitable,All India,70.9,97.6,85.0,75.0
19.706,84.3056,5.16,5.165,1885.1,5.468,26.5,79.1,Tier 2 - Highly Suitable,All India,72.0,97.6,85.0,75.0
19.706,84.6556,5.15,5.149,1879.3,5.485,24.7,78.5,Tier 2 - Highly Suitable,All India,71.6,95.2,85.0,75.0
19.706,85.0056,5.12,5.124,1870.3,5.516,26.2,78.6,Tier 2 - Highly Suitable,All India,70.9,98.1,85.0,75.0
19.706,85.3556,5.2,5.199,1897.6,5.73,25.3,79.8,Tier 2 - Highly Suitable,All India,72.9,99.5,85.0,75.0
20.056,72.7556,5.22,5.216,1903.8,5.738,24.5,79.3,Tier 2 - Highly Suitable,All India,73.4,95.2,85.0,75.0
20.056,73.1056,5.09,5.09,1857.7,5.509,25.1,78.5,Tier 2 - Highly Suitable,All India,70.0,99.8,85.0,75.0
20.056,73.4556,5.14,5.14,1876.0,5.59,25.2,79.1,Tier 2 - Highly Suitable,All India,71.4,99.7,85.0,75.0
20.056,73.8056,5.12,5.122,1869.6,5.469,25.5,78.8,Tier 2 - Highly Suitable,All India,70.9,99.2,85.0,75.0
20.056,74.1556,5.18,5.18,1890.6,5.739,24.7,78.9,Tier 2 - Highly Suitable,All India,72.4,95.2,85.0,75.0
20.056,74.5056,5.22,5.221,1905.6,5.629,25.2,80.0,Tier 2 - Highly Suitable,All India,73.5,99.7,85.0,75.0
20.056,74.8556,5.16,5.158,1882.7,5.705,26.2,79.0,Tier 2 - Highly Suitable,All India,71.8,98.1,85.0,75.0
20.056,75.2056,5.1,5.095,1859.7,5.583,25.7,78.4,Tier 2 - Highly Suitable,All India,70.1,98.9,85.0,75.0
20.056,75.5556,5.12,5.117,1867.6,5.512,25.8,78.6,Tier 2 - Highly Suitable,All India,70.7,98.7,85.0,75.0
20.056,75.9056,5.06,5.059,1846.5,5.322,26.0,77.9,Tier 2 - Highly Suitable,All India,69.2,98.4,85.0,75.0
20.056,76.2556,5.03,5.033,1836.9,5.387,25.2,77.8,Tier 2 - Highly Suitable,All India,68.5,99.7,85.0,75.0
20.056,76.6056,5.11,5.109,1864.7,5.627,25.0,78.0,Tier 2 - Highly Suitable,All India,70.5,95.0,85.0,75.0
20.056,76.9556,5.06,5.057,1845.8,5.596,24.6,77.4,Tier 2 - Highly Suitable,All India,69.1,95.2,85.0,75.0
20.056,77.3056,5.07,5.072,1851.5,5.398,25.1,78.3,Tier 2 - Highly Suitable,All India,69.5,99.8,85.0,75.0
20.056,77.6556,5.08,5.084,1855.7,5.398,24.8,77.7,Tier 2 - Highly Suitable,All India,69.8,95.1,85.0,75.0
20.056,78.0056,5.22,5.218,1904.6,5.539,26.0,79.8,Tier 2 - Highly Suitable,All India,73.5,98.4,85.0,75.0
20.056,78.3556,5.05,5.049,1842.9,5.386,26.0,77.8,Tier 2 - Highly Suitable,All India,68.9,98.4,85.0,75.0
20.056,78.7056,5.06,5.063,1848.0,5.403,24.9,77.4,Tier 2 - Highly Suitable,All India,69.3,95.0,85.0,75.0
20.056,79.0556,5.21,5.213,1902.8,5.552,25.6,79.9,Tier 2 - Highly Suitable,All India,73.3,99.0,85.0,75.0
20.056,79.4056,5.04,5.036,1838.0,5.586,24.7,77.1,Tier 2 - Highly Suitable,All India,68.5,95.2,85.0,75.0
20.056,79.7556,5.16,5.162,1884.2,5.642,26.4,79.0,Tier 2 - Highly Suitable,All India,71.9,97.8,85.0,75.0
20.056,80.1056,5.12,5.122,1869.4,5.396,25.4,78.8,Tier 2 - Highly Suitable,All India,70.9,99.4,85.0,75.0
20.056,80.4556,5.16,5.162,1884.0,5.6,24.5,78.7,Tier 2 - Highly Suitable,All India,71.9,95.2,85.0,75.0
20.056,80.8056,5.04,5.037,1838.6,5.442,25.1,77.8,Tier 2 - Highly Suitable,All India,68.6,99.8,85.0,75.0
20.056,81.1556,5.2,5.197,1897.0,5.703,25.4,79.7,Tier 2 - Highly Suitable,All India,72.9,99.4,85.0,75.0
20.056,81.5056,5.09,5.086,1856.4,5.35,24.9,77.7,Tier 2 - Highly Suitable,All India,69.9,95.0,85.0,75.0
20.056,81.8556,5.05,5.053,1844.4,5.456,25.5,77.9,Tier 2 - Highly Suitable,All India,69.0,99.2,85.0,75.0
20.056,82.2056,5.12,5.122,1869.5,5.611,26.4,78.6,Tier 2 - Highly Suitable,All India,70.9,97.8,85.0,75.0
20.056,82.5556,5.19,5.194,1895.8,5.559,25.3,79.7,Tier 2 - Highly Suitable,All India,72.8,99.5,85.0,75.0
20.056,82.9056,5.08,5.079,1853.8,5.402,24.8,77.6,Tier 2 - Highly Suitable,All India,69.7,95.1,85.0,75.0
20.056,83.2556,5.17,5.171,1887.4,5.612,25.6,79.3,Tier 2 - Highly Suitable,All India,72.2,99.0,85.0,75.0
20.056,83.6056,5.13,5.129,1872.2,5.622,26.0,78.7,Tier 2 - Highly Suitable,All India,71.1,98.4,85.0,75.0
20.056,83.9556,5.17,5.166,1885.7,5.638,25.1,79.4,Tier 2 - Highly Suitable,All India,72.1,99.8,85.0,75.0
20.056,84.3056,5.14,5.135,1874.4,5.665,25.0,78.3,Tier 2 - Highly Suitable,All India,71.2,95.0,85.0,75.0
20.056,84.6556,5.06,5.059,1846.4,5.408,24.8,77.4,Tier 2 - Highly Suitable,All India,69.2,95.1,85.0,75.0
20.056,85.0056,5.14,5.144,1877.4,5.697,24.6,78.4,Tier 2 - Highly Suitable,All India,71.5,95.2,85.0,75.0
20.056,85.3556,5.05,5.051,1843.5,5.455,25.9,77.8,Tier 2 - Highly Suitable,All India,68.9,98.6,85.0,75.0
20.056,85.7056,5.11,5.113,1866.2,5.583,25.8,78.6,Tier 2 - Highly Suitable,All India,70.6,98.7,85.0,75.0
20.056,86.0556,5.11,5.107,1864.1,5.643,25.2,78.7,Tier 2 - Highly Suitable,All India,70.5,99.7,85.0,75.0
20.056,86.4056,5.17,5.173,1888.0,5.503,26.4,79.2,Tier 2 - Highly Suitable,All India,72.2,97.8,85.0,75.0
20.406,73.1056,5.05,5.054,1844.7,5.45,25.9,77.8,Tier 2 - Highly Suitable,All India,69.0,98.6,85.0,75.0
20.406,73.4556,5.04,5.043,1840.6,5.446,25.0,77.2,Tier 2 - Highly Suitable,All India,68.7,95.0,85.0,75.0
20.406,73.8056,5.21,5.21,1901.5,5.66,26.3,79.6,Tier 2 - Highly Suitable,All India,73.2,97.9,85.0,75.0
20.406,74.1556,5.16,5.162,1884.2,5.668,25.4,79.3,Tier 2 - Highly Suitable,All India,71.9,99.4,85.0,75.0
20.406,74.5056,5.2,5.197,1896.8,5.497,26.0,79.6,Tier 2 - Highly Suitable,All India,72.9,98.4,85.0,75.0
20.406,74.8556,5.16,5.156,1881.8,5.575,24.4,78.6,Tier 2 - Highly Suitable,All India,71.8,95.3,85.0,75.0
20.406,75.2056,5.16,5.162,1884.2,5.59,24.9,78.6,Tier 2 - Highly Suitable,All India,71.9,95.0,85.0,75.0
20.406,75.5556,5.2,5.195,1896.3,5.751,25.0,79.0,Tier 2 - Highly Suitable,All India,72.8,95.0,85.0,75.0
20.406,75.9056,5.22,5.22,1905.1,5.761,25.6,79.9,Tier 2 - Highly Suitable,All India,73.5,99.0,85.0,75.0
20.406,76.2556,5.08,5.076,1852.6,5.545,25.9,78.1,Tier 2 - Highly Suitable,All India,69.6,98.6,85.0,75.0
20.406,76.6056,5.05,5.055,1844.9,5.581,24.4,77.4,Tier 2 - Highly Suitable,All India,69.1,95.3,85.0,75.0
20.406,76.9556,5.13,5.125,1870.7,5.402,26.3,78.6,Tier 2 - Highly Suitable,All India,70.9,97.9,85.0,75.0
20.406,77.3056,5.08,5.08,1854.1,5.57,24.6,77.7,Tier 2 - Highly Suitable,All India,69.7,95.2,85.0,75.0
20.406,77.6556,5.13,5.134,1874.0,5.492,24.7,78.3,Tier 2 - Highly Suitable,All India,71.2,95.2,85.0,75.0
20.406,78.0056,5.09,5.089,1857.5,5.625,24.3,77.8,Tier 2 - Highly Suitable,All India,70.0,95.3,85.0,75.0
20.406,78.3556,5.04,5.041,1840.1,5.494,24.7,77.2,Tier 2 - Highly Suitable,All India,68.7,95.2,85.0,75.0
20.406,78.7056,5.08,5.077,1853.0,5.366,25.5,78.2,Tier 2 - Highly Suitable,All India,69.6,99.2,85.0,75.0
20.406,79.0556,5.12,5.117,1867.7,5.385,24.7,78.1,Tier 2 - Highly Suitable,All India,70.7,95.2,85.0,75.0
20.406,79.4056,5.16,5.165,1885.2,5.639,26.1,79.1,Tier 2 - Highly Suitable,All India,72.0,98.2,85.0,75.0
20.406,79.7556,5.07,5.074,1852.2,5.481,25.6,78.2,Tier 2 - Highly Suitable,All India,69.6,99.0,85.0,75.0
20.406,80.1056,5.08,5.075,1852.4,5.435,24.7,77.6,Tier 2 - Highly Suitable,All India,69.6,95.2,85.0,75.0
20.406,80.4556,5.21,5.206,1900.2,5.502,24.3,79.2,Tier 2 - Highly Suitable,All India,73.1,95.3,85.0,75.0
20.406,80.8056,5.06,5.062,1847.5,5.451,26.0,77.9,Tier 2 - Highly Suitable,All India,69.2,98.4,85.0,75.0
20.406,81.1556,5.22,5.219,1905.1,5.586,24.7,79.3,Tier 2 - Highly Suitable,All India,73.5,95.2,85.0,75.0
20.406,81.5056,5.15,5.149,1879.3,5.538,25.0,78.5,Tier 2 - Highly Suitable,All India,71.6,95.0,85.0,75.0
20.406,81.8556,5.18,5.184,1892.3,5.577,24.5,78.9,Tier 2 - Highly Suitable,All India,72.5,95.2,85.0,75.0
20.406,82.2056,5.04,5.039,1839.3,5.332,24.8,77.1,Tier 2 - Highly Suitable,All India,68.6,95.1,85.0,75.0
20.406,82.5556,5.05,5.053,1844.2,5.332,24.9,77.3,Tier 2 - Highly Suitable,All India,69.0,95.0,85.0,75.0
20.406,82.9056,5.14,5.136,1874.6,5.411,25.8,78.9,Tier 2 - Highly Suitable,All India,71.2,98.7,85.0,75.0
20.406,83.2556,5.22,5.217,1904.2,5.663,25.4,79.9,Tier 2 - Highly Suitable,All India,73.4,99.4,85.0,75.0
20.406,83.6056,5.12,5.119,1868.5,5.431,24.3,78.2,Tier 2 - Highly Suitable,All India,70.8,95.3,85.0,75.0
20.406,83.9556,5.15,5.154,1881.1,5.662,24.5,78.6,Tier 2 - Highly Suitable,All India,71.7,95.2,85.0,75.0
20.406,84.3056,5.04,5.036,1838.3,5.509,24.8,77.1,Tier 2 - Highly Suitable,All India,68.5,95.1,85.0,75.0
20.406,84.6556,5.21,5.212,1902.3,5.666,26.2,79.7,Tier 2 - Highly Suitable,All India,73.3,98.1,85.0,75.0
20.406,85.0056,5.14,5.139,1875.9,5.526,24.3,78.4,Tier 2 - Highly Suitable,All India,71.3,95.3,85.0,75.0
20.406,85.3556,5.13,5.129,1872.1,5.67,24.9,78.2,Tier 2 - Highly Suitable,All India,71.1,95.0,85.0,75.0
20.406,85.7056,5.14,5.144,1877.5,5.704,24.5,78.4,Tier 2 - Highly Suitable,All India,71.5,95.2,85.0,75.0
20.406,86.0556,5.06,5.061,1847.1,5.353,25.7,78.0,Tier 2 - Highly Suitable,All India,69.2,98.9,85.0,75.0
20.406,86.4056,5.04,5.043,1840.6,5.33,26.0,77.7,Tier 2 - Highly Suitable,All India,68.7,98.4,85.0,75.0
20.756,71.0056,5.19,5.186,1892.9,5.634,25.6,79.5,Tier 2 - Highly Suitable,All India,72.6,99.0,85.0,75.0
20.756,73.1056,5.06,5.063,1848.0,5.575,24.2,77.5,Tier 2 - Highly Suitable,All India,69.3,95.4,85.0,75.0
20.756,73.4556,5.23,5.233,1910.0,5.524,24.6,79.5,Tier 2 - Highly Suitable,All India,73.9,95.2,85.0,75.0
20.756,73.8056,5.16,5.156,1882.1,5.42,25.3,79.2,Tier 2 - Highly Suitable,All India,71.8,99.5,85.0,75.0
20.756,74.1556,5.13,5.132,1873.1,5.442,25.2,79.0,Tier 2 - Highly Suitable,All India,71.1,99.7,85.0,75.0
20.756,74.5056,5.09,5.087,1856.9,5.363,24.8,77.7,Tier 2 - Highly Suitable,All India,69.9,95.1,85.0,75.0
20.756,74.8556,5.13,5.126,1871.1,5.607,25.0,78.2,Tier 2 - Highly Suitable,All India,71.0,95.0,85.0,75.0
20.756,75.2056,5.07,5.072,1851.2,5.613,25.5,78.2,Tier 2 - Highly Suitable,All India,69.5,99.2,85.0,75.0
20.756,75.5556,5.1,5.099,1861.0,5.393,24.8,77.9,Tier 2 - Highly Suitable,All India,70.2,95.1,85.0,75.0
20.756,75.9056,5.16,5.163,1884.6,5.436,25.6,79.2,Tier 2 - Highly Suitable,All India,72.0,99.0,85.0,75.0
20.756,76.2556,5.09,5.085,1856.2,5.436,25.6,78.3,Tier 2 - Highly Suitable,All India,69.9,99.0,85.0,75.0
20.756,76.6056,5.19,5.192,1895.2,5.476,25.9,79.5,Tier 2 - Highly Suitable,All India,72.8,98.6,85.0,75.0
20.756,76.9556,5.12,5.121,1869.1,5.618,24.5,78.2,Tier 2 - Highly Suitable,All India,70.8,95.2,85.0,75.0
20.756,77.3056,5.25,5.247,1915.0,5.741,24.2,79.7,Tier 2 - Highly Suitable,All India,74.2,95.4,85.0,75.0
20.756,77.6556,5.16,5.16,1883.3,5.542,25.9,79.1,Tier 2 - Highly Suitable,All India,71.9,98.6,85.0,75.0
20.756,78.0056,5.07,5.069,1850.1,5.534,25.7,78.1,Tier 2 - Highly Suitable,All India,69.4,98.9,85.0,75.0
20.756,78.3556,5.19,5.189,1894.0,5.706,24.5,79.0,Tier 2 - Highly Suitable,All India,72.7,95.2,85.0,75.0
20.756,78.7056,5.21,5.209,1901.2,5.56,24.1,79.3,Tier 2 - Highly Suitable,All India,73.2,95.5,85.0,75.0
20.756,79.0556,5.07,5.071,1850.9,5.388,24.4,77.6,Tier 2 - Highly Suitable,All India,69.5,95.3,85.0,75.0
20.756,79.4056,5.07,5.072,1851.4,5.416,25.6,78.1,Tier 2 - Highly Suitable,All India,69.5,99.0,85.0,75.0
20.756,79.7556,5.14,5.143,1877.1,5.581,25.2,79.1,Tier 2 - Highly Suitable,All India,71.4,99.7,85.0,75.0
20.756,80.1056,5.14,5.137,1875.0,5.579,24.9,78.3,Tier 2 - Highly Suitable,All India,71.3,95.0,85.0,75.0
20.756,80.4556,5.06,5.061,1847.2,5.492,25.3,78.1,Tier 2 - Highly Suitable,All India,69.2,99.5,85.0,75.0
20.756,80.8056,5.15,5.147,1878.8,5.678,24.4,78.5,Tier 2 - Highly Suitable,All India,71.5,95.3,85.0,75.0
20.756,81.1556,5.21,5.208,1900.9,5.485,25.3,79.9,Tier 2 - Highly Suitable,All India,73.2,99.5,85.0,75.0
20.756,81.5056,5.13,5.132,1873.1,5.542,25.0,78.3,Tier 2 - Highly Suitable,All India,71.1,95.0,85.0,75.0
20.756,81.8556,5.24,5.239,1912.1,5.779,24.7,79.6,Tier 2 - Highly Suitable,All India,74.0,95.2,85.0,75.0
20.756,82.2056,5.13,5.132,1873.0,5.439,25.8,78.8,Tier 2 - Highly Suitable,All India,71.1,98.7,85.0,75.0
20.756,82.5556,5.22,5.216,1904.0,5.689,26.0,79.8,Tier 2 - Highly Suitable,All India,73.4,98.4,85.0,75.0
20.756,82.9056,5.2,5.201,1898.3,5.646,24.9,79.1,Tier 2 - Highly Suitable,All India,73.0,95.0,85.0,75.0
20.756,83.2556,5.22,5.221,1905.8,5.609,25.4,80.0,Tier 2 - Highly Suitable,All India,73.5,99.4,85.0,75.0
20.756,83.6056,5.24,5.239,1912.4,5.519,24.7,79.6,Tier 2 - Highly Suitable,All India,74.0,95.2,85.0,75.0
20.756,83.9556,5.2,5.197,1896.7,5.654,25.6,79.7,Tier 2 - Highly Suitable,All India,72.9,99.0,85.0,75.0
20.756,84.3056,5.07,5.071,1850.9,5.337,24.3,77.6,Tier 2 - Highly Suitable,All India,69.5,95.3,85.0,75.0
20.756,84.6556,5.18,5.178,1890.1,5.45,25.6,79.4,Tier 2 - Highly Suitable,All India,72.4,99.0,85.0,75.0
20.756,85.0056,5.18,5.181,1891.0,5.526,25.1,79.6,Tier 2 - Highly Suitable,All India,72.5,99.8,85.0,75.0
20.756,85.3556,5.1,5.101,1861.7,5.452,24.9,77.9,Tier 2 - Highly Suitable,All India,70.3,95.0,85.0,75.0
20.756,85.7056,5.12,5.115,1867.1,5.509,25.0,78.1,Tier 2 - Highly Suitable,All India,70.7,95.0,85.0,75.0
20.756,86.0556,5.09,5.091,1858.3,5.618,24.7,77.8,Tier 2 - Highly Suitable,All India,70.0,95.2,85.0,75.0
20.756,86.4056,5.16,5.159,1883.1,5.452,25.9,79.1,Tier 2 - Highly Suitable,All India,71.9,98.6,85.0,75.0
20.756,86.7556,5.19,5.185,1892.6,5.522,25.9,79.4,Tier 2 - Highly Suitable,All India,72.6,98.6,85.0,75.0
21.106,70.3056,5.13,5.132,1873.3,5.515,25.1,79.0,Tier 2 - Highly Suitable,All India,71.1,99.8,85.0,75.0
21.106,70.6556,5.09,5.093,1859.0,5.618,25.4,78.4,Tier 2 - Highly Suitable,All India,70.1,99.4,85.0,75.0
21.106,71.0056,5.12,5.125,1870.6,5.56,25.6,78.8,Tier 2 - Highly Suitable,All India,70.9,99.0,85.0,75.0
21.106,71.3556,5.08,5.084,1855.5,5.581,24.8,77.7,Tier 2 - Highly Suitable,All India,69.8,95.1,85.0,75.0
21.106,71.7056,5.08,5.082,1854.9,5.626,25.7,78.2,Tier 2 - Highly Suitable,All India,69.8,98.9,85.0,75.0
21.106,72.7556,5.08,5.078,1853.4,5.551,25.1,78.3,Tier 2 - Highly Suitable,All India,69.7,99.8,85.0,75.0
21.106,73.1056,5.22,5.219,1904.9,5.514,24.7,79.3,Tier 2 - Highly Suitable,All India,73.5,95.2,85.0,75.0
21.106,73.4556,5.17,5.172,1887.9,5.697,24.8,78.8,Tier 2 - Highly Suitable,All India,72.2,95.1,85.0,75.0
21.106,73.8056,5.26,5.26,1920.0,5.562,25.7,80.4,Tier 2 - Highly Suitable,All India,74.6,98.9,85.0,75.0
21.106,74.1556,5.17,5.166,1885.4,5.533,25.6,79.3,Tier 2 - Highly Suitable,All India,72.1,99.0,85.0,75.0
21.106,74.5056,5.14,5.138,1875.5,5.59,24.5,78.4,Tier 2 - Highly Suitable,All India,71.3,95.2,85.0,75.0
21.106,74.8556,5.26,5.256,1918.6,5.578,25.0,79.8,Tier 2 - Highly Suitable,All India,74.5,95.0,85.0,75.0
21.106,75.2056,5.22,5.215,1903.5,5.653,24.0,79.3,Tier 2 - Highly Suitable,All India,73.4,95.5,85.0,75.0
21.106,75.5556,5.24,5.235,1910.8,5.541,24.1,79.6,Tier 2 - Highly Suitable,All India,73.9,95.5,85.0,75.0
21.106,75.9056,5.23,5.225,1907.3,5.781,25.0,79.4,Tier 2 - Highly Suitable,All India,73.6,95.0,85.0,75.0
21.106,76.2556,5.07,5.071,1851.1,5.501,25.1,78.2,Tier 2 - Highly Suitable,All India,69.5,99.8,85.0,75.0
21.106,76.6056,5.17,5.173,1888.1,5.723,25.5,79.4,Tier 2 - Highly Suitable,All India,72.2,99.2,85.0,75.0
21.106,76.9556,5.19,5.185,1892.6,5.593,25.1,79.6,Tier 2 - Highly Suitable,All India,72.6,99.8,85.0,75.0
21.106,77.3056,5.19,5.19,1894.3,5.474,24.4,79.0,Tier 2 - Highly Suitable,All India,72.7,95.3,85.0,75.0
21.106,77.6556,5.11,5.11,1865.1,5.535,25.5,78.6,Tier 2 - Highly Suitable,All India,70.5,99.2,85.0,75.0
21.106,78.0056,5.23,5.231,1909.4,5.592,24.2,79.5,Tier 2 - Highly Suitable,All India,73.8,95.4,85.0,75.0
21.106,78.3556,5.16,5.165,1885.0,5.472,25.8,79.2,Tier 2 - Highly Suitable,All India,72.0,98.7,85.0,75.0
21.106,78.7056,5.14,5.142,1876.9,5.691,25.9,78.9,Tier 2 - Highly Suitable,All India,71.4,98.6,85.0,75.0
21.106,79.0556,5.06,5.065,1848.6,5.514,25.1,78.2,Tier 2 - Highly Suitable,All India,69.3,99.8,85.0,75.0
21.106,79.4056,5.09,5.091,1858.1,5.427,24.6,77.8,Tier 2 - Highly Suitable,All India,70.0,95.2,85.0,75.0
21.106,79.7556,5.09,5.094,1859.3,5.388,25.7,78.4,Tier 2 - Highly Suitable,All India,70.1,98.9,85.0,75.0
21.106,80.1056,5.13,5.126,1871.1,5.633,25.6,78.8,Tier 2 - Highly Suitable,All India,71.0,99.0,85.0,75.0
21.106,80.4556,5.15,5.151,1880.2,5.687,25.1,79.2,Tier 2 - Highly Suitable,All India,71.6,99.8,85.0,75.0
21.106,80.8056,5.07,5.075,1852.2,5.561,24.9,77.6,Tier 2 - Highly Suitable,All India,69.6,95.0,85.0,75.0
21.106,81.1556,5.09,5.094,1859.4,5.437,24.4,77.8,Tier 2 - Highly Suitable,All India,70.1,95.3,85.0,75.0
21.106,81.5056,5.23,5.234,1910.5,5.596,25.9,80.0,Tier 2 - Highly Suitable,All India,73.9,98.6,85.0,75.0
21.106,81.8556,5.18,5.175,1889.0,5.506,24.3,78.8,Tier 2 - Highly Suitable,All India,72.3,95.3,85.0,75.0
21.106,82.2056,5.06,5.065,1848.6,5.569,24.5,77.5,Tier 2 - Highly Suitable,All India,69.3,95.2,85.0,75.0
21.106,82.5556,5.1,5.101,1862.0,5.649,25.2,78.6,Tier 2 - Highly Suitable,All India,70.3,99.7,85.0,75.0
21.106,82.9056,5.24,5.243,1913.6,5.528,24.5,79.6,Tier 2 - Highly Suitable,All India,74.1,95.2,85.0,75.0
21.106,83.2556,5.23,5.229,1908.5,5.581,24.9,79.4,Tier 2 - Highly Suitable,All India,73.8,95.0,85.0,75.0
21.106,83.6056,5.16,5.158,1882.6,5.484,25.7,79.2,Tier 2 - Highly Suitable,All India,71.8,98.9,85.0,75.0
21.106,83.9556,5.08,5.075,1852.4,5.377,24.9,77.6,Tier 2 - Highly Suitable,All India,69.6,95.0,85.0,75.0
21.106,84.3056,5.1,5.1,1861.4,5.527,24.2,77.9,Tier 2 - Highly Suitable,All India,70.3,95.4,85.0,75.0
21.106,84.6556,5.21,5.205,1899.9,5.511,24.6,79.2,Tier 2 - Highly Suitable,All India,73.1,95.2,85.0,75.0
21.106,85.0056,5.23,5.229,1908.6,5.728,25.3,80.1,Tier 2 - Highly Suitable,All India,73.8,99.5,85.0,75.0
21.106,85.3556,5.2,5.202,1898.7,5.707,25.8,79.7,Tier 2 - Highly Suitable,All India,73.0,98.7,85.0,75.0
21.106,85.7056,5.12,5.121,1869.1,5.659,25.2,78.8,Tier 2 - Highly Suitable,All India,70.8,99.7,85.0,75.0
21.106,86.0556,5.19,5.187,1893.4,5.513,25.6,79.5,Tier 2 - Highly Suitable,All India,72.6,99.0,85.0,75.0
21.106,86.4056,5.15,5.147,1878.8,5.493,24.2,78.5,Tier 2 - Highly Suitable,All India,71.5,95.4,85.0,75.0
21.106,86.7556,5.23,5.231,1909.4,5.525,25.2,80.2,Tier 2 - Highly Suitable,All India,73.8,99.7,85.0,75.0
21.456,69.9556,5.17,5.171,1887.4,5.689,24.5,78.8,Tier 2 - Highly Suitable,All India,72.2,95.2,85.0,75.0
21.456,70.3056,5.1,5.099,1861.1,5.513,24.8,77.9,Tier 2 - Highly Suitable,All India,70.2,95.1,85.0,75.0
21.456,70.6556,5.17,5.166,1885.6,5.532,25.0,78.7,Tier 2 - Highly Suitable,All India,72.1,95.0,85.0,75.0
21.456,71.0056,5.12,5.115,1867.1,5.573,25.7,78.6,Tier 2 - Highly Suitable,All India,70.7,98.9,85.0,75.0
21.456,71.3556,5.17,5.172,1887.8,5.598,24.5,78.8,Tier 2 - Highly Suitable,All India,72.2,95.2,85.0,75.0
21.456,71.7056,5.1,5.099,1861.0,5.379,25.0,77.9,Tier 2 - Highly Suitable,All India,70.2,95.0,85.0,75.0
21.456,72.0556,5.19,5.191,1894.6,5.708,24.3,79.0,Tier 2 - Highly Suitable,All India,72.7,95.3,85.0,75.0
21.456,72.7556,5.26,5.256,1918.3,5.669,24.9,79.8,Tier 2 - Highly Suitable,All India,74.5,95.0,85.0,75.0
21.456,73.1056,5.14,5.144,1877.7,5.571,25.7,79.0,Tier 2 - Highly Suitable,All India,71.5,98.9,85.0,75.0
21.456,73.4556,5.22,5.222,1905.9,5.721,24.4,79.4,Tier 2 - Highly Suitable,All India,73.6,95.3,85.0,75.0
21.456,73.8056,5.26,5.263,1921.2,5.626,24.2,79.9,Tier 2 - Highly Suitable,All India,74.7,95.4,85.0,75.0
21.456,74.1556,5.26,5.263,1920.9,5.798,24.0,79.9,Tier 2 - Highly Suitable,All India,74.7,95.5,85.0,75.0
21.456,74.5056,5.22,5.217,1904.2,5.746,23.9,79.4,Tier 2 - Highly Suitable,All India,73.4,95.5,85.0,75.0
21.456,74.8556,5.2,5.201,1898.3,5.742,25.7,79.7,Tier 2 - Highly Suitable,All India,73.0,98.9,85.0,75.0
21.456,75.2056,5.1,5.104,1862.9,5.476,25.3,78.6,Tier 2 - Highly Suitable,All India,70.4,99.5,85.0,75.0
21.456,75.5556,5.16,5.162,1884.0,5.495,25.5,79.3,Tier 2 - Highly Suitable,All India,71.9,99.2,85.0,75.0
21.456,75.9056,5.26,5.258,1919.3,5.553,24.3,79.8,Tier 2 - Highly Suitable,All India,74.5,95.3,85.0,75.0
21.456,76.2556,5.1,5.098,1860.8,5.6,24.2,77.9,Tier 2 - Highly Suitable,All India,70.2,95.4,85.0,75.0
21.456,76.6056,5.27,5.269,1923.2,5.577,25.1,80.7,Tier 2 - Highly Suitable,All India,74.8,99.8,85.0,75.0
21.456,76.9556,5.22,5.217,1904.2,5.584,25.1,80.0,Tier 2 - Highly Suitable,All India,73.4,99.8,85.0,75.0
21.456,77.3056,5.23,5.23,1909.1,5.617,24.8,79.5,Tier 2 - Highly Suitable,All India,73.8,95.1,85.0,75.0
21.456,77.6556,5.13,5.133,1873.5,5.69,24.6,78.3,Tier 2 - Highly Suitable,All India,71.2,95.2,85.0,75.0
21.456,78.0056,5.14,5.139,1875.9,5.697,25.4,79.0,Tier 2 - Highly Suitable,All India,71.3,99.4,85.0,75.0
21.456,78.3556,5.08,5.078,1853.6,5.376,24.8,77.6,Tier 2 - Highly Suitable,All India,69.7,95.1,85.0,75.0
21.456,78.7056,5.26,5.258,1919.2,5.639,24.2,79.9,Tier 2 - Highly Suitable,All India,74.5,95.4,85.0,75.0
21.456,79.0556,5.23,5.234,1910.3,5.707,24.4,79.5,Tier 2 - Highly Suitable,All India,73.9,95.3,85.0,75.0
21.456,79.4056,5.13,5.128,1871.7,5.561,23.9,78.3,Tier 2 - Highly Suitable,All India,71.0,95.5,85.0,75.0
21.456,79.7556,5.08,5.084,1855.7,5.519,25.7,78.3,Tier 2 - Highly Suitable,All India,69.8,98.9,85.0,75.0
21.456,80.1056,5.26,5.256,1918.4,5.792,23.9,79.9,Tier 2 - Highly Suitable,All India,74.5,95.5,85.0,75.0
21.456,80.4556,5.08,5.08,1854.3,5.383,25.3,78.3,Tier 2 - Highly Suitable,All India,69.7,99.5,85.0,75.0
21.456,80.8056,5.26,5.264,1921.3,5.707,24.0,79.9,Tier 2 - Highly Suitable,All India,74.7,95.5,85.0,75.0
21.456,81.1556,5.08,5.081,1854.7,5.556,25.4,78.3,Tier 2 - Highly Suitable,All India,69.8,99.4,85.0,75.0
21.456,81.5056,5.11,5.11,1865.2,5.621,25.7,78.6,Tier 2 - Highly Suitable,All India,70.5,98.9,85.0,75.0
21.456,81.8556,5.28,5.276,1925.8,5.841,24.2,80.1,Tier 2 - Highly Suitable,All India,75.0,95.4,85.0,75.0
21.456,82.2056,5.25,5.254,1917.5,5.79,24.2,79.8,Tier 2 - Highly Suitable,All India,74.4,95.4,85.0,75.0
21.456,82.5556,5.28,5.276,1925.7,5.833,24.7,80.0,Tier 2 - Highly Suitable,All India,75.0,95.2,85.0,75.0
21.456,82.9056,5.15,5.149,1879.4,5.439,24.0,78.5,Tier 2 - Highly Suitable,All India,71.6,95.5,85.0,75.0
21.456,83.2556,5.1,5.102,1862.4,5.498,24.1,78.0,Tier 2 - Highly Suitable,All India,70.3,95.5,85.0,75.0
21.456,83.6056,5.15,5.153,1880.9,5.599,24.9,78.5,Tier 2 - Highly Suitable,All India,71.7,95.0,85.0,75.0
21.456,83.9556,5.14,5.138,1875.3,5.542,25.1,79.1,Tier 2 - Highly Suitable,All India,71.3,99.8,85.0,75.0
21.456,84.3056,5.18,5.182,1891.4,5.732,24.9,78.9,Tier 2 - Highly Suitable,All India,72.5,95.0,85.0,75.0
21.456,84.6556,5.1,5.1,1861.5,5.647,24.7,77.9,Tier 2 - Highly Suitable,All India,70.3,95.2,85.0,75.0
21.456,85.0056,5.18,5.175,1889.0,5.497,24.9,78.8,Tier 2 - Highly Suitable,All India,72.3,95.0,85.0,75.0
21.456,85.3556,5.21,5.205,1899.9,5.745,24.9,79.2,Tier 2 - Highly Suitable,All India,73.1,95.0,85.0,75.0
21.456,85.7056,5.2,5.202,1898.8,5.672,24.5,79.1,Tier 2 - Highly Suitable,All India,73.0,95.2,85.0,75.0
21.456,86.0556,5.25,5.251,1916.6,5.547,25.3,80.4,Tier 2 - Highly Suitable,All India,74.4,99.5,85.0,75.0
21.456,86.4056,5.09,5.09,1857.9,5.529,25.7,78.3,Tier 2 - Highly Suitable,All India,70.0,98.9,85.0,75.0
21.456,86.7556,5.11,5.115,1866.9,5.435,25.1,78.8,Tier 2 - Highly Suitable,All India,70.7,99.8,85.0,75.0
21.806,69.6056,5.11,5.107,1863.9,5.388,24.9,82.0,Tier 2 - Highly Suitable,All India,70.5,95.0,85.0,95.0
21.806,69.9556,5.11,5.107,1864.2,5.575,25.4,82.6,Tier 2 - Highly Suitable,All India,70.5,99.4,85.0,95.0
21.806,70.3056,5.22,5.216,1904.0,5.74,24.1,83.3,Tier 2 - Highly Suitable,All India,73.4,95.5,85.0,95.0
21.806,70.6556,5.2,5.198,1897.3,5.48,24.5,83.1,Tier 2 - Highly Suitable,All India,72.9,95.2,85.0,95.0
21.806,71.0056,5.28,5.278,1926.4,5.736,23.6,84.1,Tier 2 - Highly Suitable,All India,75.1,95.7,85.0,95.0
21.806,71.3556,5.26,5.263,1921.1,5.705,23.7,84.0,Tier 2 - Highly Suitable,All India,74.7,95.7,85.0,95.0
21.806,71.7056,5.18,5.181,1890.9,5.544,24.4,82.9,Tier 2 - Highly Suitable,All India,72.5,95.3,85.0,95.0
21.806,72.0556,5.19,5.19,1894.2,5.675,24.5,83.0,Tier 2 - Highly Suitable,All India,72.7,95.2,85.0,95.0
21.806,72.7556,5.14,5.142,1876.8,5.693,25.1,83.1,Tier 2 - Highly Suitable,All India,71.4,99.8,85.0,95.0
21.806,73.1056,5.11,5.108,1864.3,5.473,25.1,78.7,Tier 2 - Highly Suitable,All India,70.5,99.8,85.0,75.0
21.806,73.4556,5.21,5.213,1902.7,5.595,24.5,79.3,Tier 2 - Highly Suitable,All India,73.3,95.2,85.0,75.0
21.806,73.8056,5.19,5.192,1895.0,5.731,23.7,79.1,Tier 2 - Highly Suitable,All India,72.8,95.7,85.0,75.0
21.806,74.1556,5.11,5.112,1865.8,5.563,24.7,78.0,Tier 2 - Highly Suitable,All India,70.6,95.2,85.0,75.0
21.806,74.5056,5.1,5.1,1861.4,5.486,23.8,78.0,Tier 2 - Highly Suitable,All India,70.3,95.6,85.0,75.0
21.806,74.8556,5.1,5.103,1862.7,5.415,25.3,78.6,Tier 2 - Highly Suitable,All India,70.4,99.5,85.0,75.0
21.806,75.2056,5.19,5.189,1894.1,5.596,24.8,79.0,Tier 2 - Highly Suitable,All India,72.7,95.1,85.0,75.0
21.806,75.5556,5.26,5.262,1920.6,5.757,24.2,79.9,Tier 2 - Highly Suitable,All India,74.6,95.4,85.0,75.0
21.806,75.9056,5.16,5.157,1882.2,5.599,24.3,78.6,Tier 2 - Highly Suitable,All India,71.8,95.3,85.0,75.0
21.806,76.2556,5.16,5.156,1881.8,5.687,24.3,78.6,Tier 2 - Highly Suitable,All India,71.8,95.3,85.0,75.0
21.806,76.6056,5.11,5.109,1864.7,5.578,25.3,78.7,Tier 2 - Highly Suitable,All India,70.5,99.5,85.0,75.0
21.806,76.9556,5.21,5.211,1901.9,5.578,25.6,79.8,Tier 2 - Highly Suitable,All India,73.3,99.0,85.0,75.0
21.806,77.3056,5.1,5.097,1860.5,5.501,24.6,77.9,Tier 2 - Highly Suitable,All India,70.2,95.2,85.0,75.0
21.806,77.6556,5.15,5.155,1881.5,5.431,24.4,78.6,Tier 2 - Highly Suitable,All India,71.8,95.3,85.0,75.0
21.806,78.0056,5.26,5.258,1919.2,5.703,25.4,80.4,Tier 2 - Highly Suitable,All India,74.5,99.4,85.0,75.0
21.806,78.3556,5.2,5.197,1896.8,5.595,24.8,79.1,Tier 2 - Highly Suitable,All India,72.9,95.1,85.0,75.0
21.806,78.7056,5.26,5.258,1919.0,5.663,24.3,79.8,Tier 2 - Highly Suitable,All India,74.5,95.3,85.0,75.0
21.806,79.0556,5.12,5.116,1867.3,5.58,24.6,78.1,Tier 2 - Highly Suitable,All India,70.7,95.2,85.0,75.0
21.806,79.4056,5.1,5.1,1861.6,5.623,25.2,78.6,Tier 2 - Highly Suitable,All India,70.3,99.7,85.0,75.0
21.806,79.7556,5.26,5.259,1919.4,5.728,24.5,79.8,Tier 2 - Highly Suitable,All India,74.6,95.2,85.0,75.0
21.806,80.1056,5.24,5.242,1913.2,5.531,24.3,79.7,Tier 2 - Highly Suitable,All India,74.1,95.3,85.0,75.0
21.806,80.4556,5.27,5.266,1922.1,5.757,25.5,80.5,Tier 2 - Highly Suitable,All India,74.8,99.2,85.0,75.0
21.806,80.8056,5.21,5.213,1902.8,5.539,24.0,79.3,Tier 2 - Highly Suitable,All India,73.3,95.5,85.0,75.0
21.806,81.1556,5.1,5.103,1862.6,5.59,24.7,77.9,Tier 2 - Highly Suitable,All India,70.4,95.2,85.0,75.0
21.806,81.5056,5.24,5.243,1913.5,5.536,23.9,79.7,Tier 2 - Highly Suitable,All India,74.1,95.5,85.0,75.0
21.806,81.8556,5.28,5.283,1928.1,5.671,24.4,80.1,Tier 2 - Highly Suitable,All India,75.2,95.3,85.0,75.0
21.806,82.2056,5.27,5.271,1924.0,5.669,23.8,80.0,Tier 2 - Highly Suitable,All India,74.9,95.6,85.0,75.0
21.806,82.5556,5.13,5.134,1873.7,5.608,25.3,79.0,Tier 2 - Highly Suitable,All India,71.2,99.5,85.0,75.0
21.806,82.9056,5.28,5.276,1925.9,5.688,25.3,80.7,Tier 2 - Highly Suitable,All India,75.0,99.5,85.0,75.0
21.806,83.2556,5.23,5.226,1907.5,5.747,25.2,80.1,Tier 2 - Highly Suitable,All India,73.7,99.7,85.0,75.0
21.806,83.6056,5.17,5.17,1886.9,5.458,24.8,78.7,Tier 2 - Highly Suitable,All India,72.2,95.1,85.0,75.0
21.806,83.9556,5.27,5.268,1922.8,5.611,24.3,80.0,Tier 2 - Highly Suitable,All India,74.8,95.3,85.0,75.0
21.806,84.3056,5.21,5.214,1903.0,5.663,24.7,79.3,Tier 2 - Highly Suitable,All India,73.4,95.2,85.0,75.0
21.806,84.6556,5.19,5.185,1892.5,5.687,25.4,79.6,Tier 2 - Highly Suitable,All India,72.6,99.4,85.0,75.0
21.806,85.0056,5.16,5.162,1884.3,5.532,25.0,78.6,Tier 2 - Highly Suitable,All India,71.9,95.0,85.0,75.0
21.806,85.3556,5.11,5.108,1864.6,5.601,24.6,78.0,Tier 2 - Highly Suitable,All India,70.5,95.2,85.0,75.0
21.806,85.7056,5.12,5.118,1868.1,5.425,25.5,78.7,Tier 2 - Highly Suitable,All India,70.8,99.2,85.0,75.0
21.806,86.0556,5.15,5.152,1880.4,5.45,24.7,78.5,Tier 2 - Highly Suitable,All India,71.7,95.2,85.0,75.0
21.806,86.4056,5.12,5.116,1867.5,5.543,23.6,78.2,Tier 2 - Highly Suitable,All India,70.7,95.7,85.0,75.0
21.806,86.7556,5.19,5.189,1894.1,5.676,25.0,79.0,Tier 2 - Highly Suitable,All India,72.7,95.0,85.0,75.0
21.806,87.1056,5.29,5.289,1930.3,5.725,25.5,80.8,Tier 2 - Highly Suitable,All India,75.4,99.2,85.0,75.0
21.806,87.4556,5.29,5.287,1929.9,5.572,24.1,80.2,Tier 2 - Highly Suitable,All India,75.3,95.5,85.0,75.0
21.806,87.8056,5.16,5.158,1882.8,5.587,25.3,79.3,Tier 2 - Highly Suitable,All India,71.8,99.5,85.0,75.0
21.806,88.1556,4.53,4.526,1651.9,4.958,25.3,71.6,Tier 2 - Highly Suitable,All India,54.8,99.5,85.0,75.0
21.806,88.8556,4.51,4.511,1646.4,4.824,24.5,70.7,Tier 2 - Highly Suitable,All India,54.4,95.2,85.0,75.0
22.156,69.2556,5.19,5.185,1892.6,5.624,25.4,83.6,Tier 2 - Highly Suitable,All India,72.6,99.4,85.0,95.0
22.156,69.6056,5.11,5.114,1866.7,5.436,24.5,82.1,Tier 2 - Highly Suitable,All India,70.6,95.2,85.0,95.0
22.156,69.9556,5.11,5.108,1864.3,5.542,25.3,82.6,Tier 2 - Highly Suitable,All India,70.5,99.5,85.0,95.0
22.156,70.3056,5.22,5.221,1905.5,5.606,24.4,83.4,Tier 2 - Highly Suitable,All India,73.5,95.3,85.0,95.0
22.156,70.6556,5.13,5.134,1874.1,5.657,24.7,82.3,Tier 2 - Highly Suitable,All India,71.2,95.2,85.0,95.0
22.156,71.0056,5.27,5.27,1923.5,5.594,23.6,84.0,Tier 2 - Highly Suitable,All India,74.9,95.7,85.0,95.0
22.156,71.3556,5.11,5.105,1863.4,5.491,24.1,82.0,Tier 2 - Highly Suitable,All India,70.4,95.5,85.0,95.0
22.156,71.7056,5.21,5.213,1902.8,5.578,25.0,83.2,Tier 2 - Highly Suitable,All India,73.3,95.0,85.0,95.0
22.156,72.0556,5.2,5.2,1897.8,5.526,25.3,83.8,Tier 2 - Highly Suitable,All India,73.0,99.5,85.0,95.0
22.156,72.7556,5.27,5.273,1924.8,5.839,25.1,84.7,Tier 2 - Highly Suitable,All India,74.9,99.8,85.0,95.0
22.156,73.1056,5.21,5.212,1902.3,5.664,23.5,79.3,Tier 2 - Highly Suitable,All India,73.3,95.8,85.0,75.0
22.156,73.4556,5.18,5.183,1891.9,5.647,23.9,79.0,Tier 2 - Highly Suitable,All India,72.5,95.5,85.0,75.0
22.156,73.8056,5.2,5.198,1897.2,5.684,23.7,79.2,Tier 2 - Highly Suitable,All India,72.9,95.7,85.0,75.0
22.156,74.1556,5.18,5.184,1892.1,5.579,23.6,79.0,Tier 2 - Highly Suitable,All India,72.5,95.7,85.0,75.0
22.156,74.5056,5.21,5.208,1900.9,5.657,24.4,79.2,Tier 2 - Highly Suitable,All India,73.2,95.3,85.0,75.0
22.156,74.8556,5.24,5.235,1910.8,5.536,25.4,80.2,Tier 2 - Highly Suitable,All India,73.9,99.4,85.0,75.0
22.156,75.2056,5.2,5.195,1896.3,5.531,24.4,79.1,Tier 2 - Highly Suitable,All India,72.8,95.3,85.0,75.0
22.156,75.5556,5.13,5.131,1872.8,5.682,23.8,78.3,Tier 2 - Highly Suitable,All India,71.1,95.6,85.0,75.0
22.156,75.9056,5.18,5.178,1889.8,5.692,23.5,78.9,Tier 2 - Highly Suitable,All India,72.4,95.8,85.0,75.0
22.156,76.2556,5.27,5.266,1922.1,5.665,24.7,79.9,Tier 2 - Highly Suitable,All India,74.8,95.2,85.0,75.0
22.156,76.6056,5.15,5.151,1879.9,5.453,23.8,78.6,Tier 2 - Highly Suitable,All India,71.6,95.6,85.0,75.0
22.156,76.9556,5.11,5.109,1864.9,5.606,23.9,78.1,Tier 2 - Highly Suitable,All India,70.5,95.5,85.0,75.0
22.156,77.3056,5.26,5.258,1919.0,5.631,25.1,80.5,Tier 2 - Highly Suitable,All India,74.5,99.8,85.0,75.0
22.156,77.6556,5.12,5.121,1869.1,5.657,23.8,78.2,Tier 2 - Highly Suitable,All India,70.8,95.6,85.0,75.0
22.156,78.0056,5.15,5.146,1878.2,5.41,25.4,79.1,Tier 2 - Highly Suitable,All India,71.5,99.4,85.0,75.0
22.156,78.3556,5.15,5.149,1879.3,5.617,24.1,78.5,Tier 2 - Highly Suitable,All India,71.6,95.5,85.0,75.0
22.156,78.7056,5.2,5.204,1899.4,5.591,24.5,79.2,Tier 2 - Highly Suitable,All India,73.1,95.2,85.0,75.0
22.156,79.0556,5.27,5.271,1924.0,5.632,24.4,80.0,Tier 2 - Highly Suitable,All India,74.9,95.3,85.0,75.0
22.156,79.4056,5.1,5.105,1863.2,5.463,23.7,78.0,Tier 2 - Highly Suitable,All India,70.4,95.7,85.0,75.0
22.156,79.7556,5.12,5.123,1869.9,5.471,23.5,78.3,Tier 2 - Highly Suitable,All India,70.9,95.8,85.0,75.0
22.156,80.1056,5.14,5.136,1874.6,5.562,24.8,78.3,Tier 2 - Highly Suitable,All India,71.2,95.1,85.0,75.0
22.156,80.4556,5.19,5.189,1894.1,5.455,25.2,79.7,Tier 2 - Highly Suitable,All India,72.7,99.7,85.0,75.0
22.156,80.8056,5.1,5.096,1860.0,5.39,23.4,77.9,Tier 2 - Highly Suitable,All India,70.2,95.8,85.0,75.0
22.156,81.1556,5.26,5.263,1920.9,5.711,24.9,79.9,Tier 2 - Highly Suitable,All India,74.7,95.0,85.0,75.0
22.156,81.5056,5.2,5.201,1898.4,5.749,24.7,79.1,Tier 2 - Highly Suitable,All India,73.0,95.2,85.0,75.0
22.156,81.8556,5.26,5.259,1919.6,5.603,25.4,80.5,Tier 2 - Highly Suitable,All India,74.6,99.4,85.0,75.0
22.156,82.2056,5.12,5.123,1870.0,5.535,24.8,78.2,Tier 2 - Highly Suitable,All India,70.9,95.1,85.0,75.0
22.156,82.5556,5.17,5.168,1886.4,5.447,24.4,78.7,Tier 2 - Highly Suitable,All India,72.1,95.3,85.0,75.0
22.156,82.9056,5.18,5.181,1891.2,5.454,24.4,78.9,Tier 2 - Highly Suitable,All India,72.5,95.3,85.0,75.0
22.156,83.2556,5.21,5.21,1901.8,5.628,24.7,79.2,Tier 2 - Highly Suitable,All India,73.2,95.2,85.0,75.0
22.156,83.6056,5.23,5.23,1909.1,5.578,24.2,79.5,Tier 2 - Highly Suitable,All India,73.8,95.4,85.0,75.0
22.156,83.9556,5.29,5.285,1929.1,5.846,23.4,80.2,Tier 2 - Highly Suitable,All India,75.3,95.8,85.0,75.0
22.156,84.3056,5.11,5.109,1864.8,5.399,24.1,78.0,Tier 2 - Highly Suitable,All India,70.5,95.5,85.0,75.0
22.156,84.6556,5.26,5.259,1919.6,5.581,24.4,79.9,Tier 2 - Highly Suitable,All India,74.6,95.3,85.0,75.0
22.156,85.0056,5.15,5.154,1881.4,5.671,25.3,79.2,Tier 2 - Highly Suitable,All India,71.7,99.5,85.0,75.0
22.156,85.3556,5.24,5.236,1911.2,5.75,25.0,79.5,Tier 2 - Highly Suitable,All India,73.9,95.0,85.0,75.0
22.156,85.7056,5.12,5.118,1868.1,5.382,23.8,78.2,Tier 2 - Highly Suitable,All India,70.8,95.6,85.0,75.0
22.156,86.0556,5.15,5.145,1878.0,5.512,25.1,79.1,Tier 2 - Highly Suitable,All India,71.5,99.8,85.0,75.0
22.156,86.4056,5.23,5.234,1910.5,5.665,23.8,79.6,Tier 2 - Highly Suitable,All India,73.9,95.6,85.0,75.0
22.156,86.7556,5.17,5.168,1886.3,5.534,24.2,78.8,Tier 2 - Highly Suitable,All India,72.1,95.4,85.0,75.0
22.156,87.1056,5.21,5.209,1901.3,5.507,24.6,79.2,Tier 2 - Highly Suitable,All India,73.2,95.2,85.0,75.0
22.156,87.4556,5.19,5.186,1892.9,5.586,23.5,79.0,Tier 2 - Highly Suitable,All India,72.6,95.8,85.0,75.0
22.156,87.8056,5.21,5.206,1900.2,5.753,24.2,79.2,Tier 2 - Highly Suitable,All India,73.1,95.4,85.0,75.0
22.156,88.5056,4.58,4.583,1672.7,4.889,24.6,71.6,Tier 2 - Highly Suitable,All India,56.3,95.2,85.0,75.0
22.156,88.8556,4.54,4.538,1656.3,4.92,24.7,71.1,Tier 2 - Highly Suitable,All India,55.1,95.2,85.0,75.0
22.506,70.3056,5.18,5.176,1889.4,5.501,24.9,85.0,Tier 1 - Prime Location,All India,72.3,95.0,96.0,95.0
22.506,70.6556,5.2,5.2,1898.1,5.588,24.6,85.3,Tier 1 - Prime Location,All India,73.0,95.2,96.0,95.0
22.506,71.0056,5.12,5.124,1870.4,5.679,23.5,84.5,Tier 2 - Highly Suitable,All India,70.9,95.8,96.0,95.0
22.506,71.3556,5.13,5.126,1870.9,5.435,24.1,84.5,Tier 2 - Highly Suitable,All India,71.0,95.5,96.0,95.0
22.506,71.7056,5.16,5.161,1883.8,5.675,24.5,84.9,Tier 2 - Highly Suitable,All India,71.9,95.2,96.0,95.0
22.506,72.0556,5.24,5.241,1913.1,5.537,24.7,85.8,Tier 1 - Prime Location,All India,74.1,95.2,96.0,95.0
22.506,72.4056,5.11,5.109,1864.9,5.413,24.6,84.2,Tier 2 - Highly Suitable,All India,70.5,95.2,96.0,95.0
22.506,72.7556,5.19,5.19,1894.4,5.622,23.6,83.1,Tier 2 - Highly Suitable,All India,72.7,95.7,85.0,95.0
22.506,73.1056,5.23,5.227,1907.8,5.631,23.3,79.5,Tier 2 - Highly Suitable,All India,73.7,95.8,85.0,75.0
22.506,73.4556,5.21,5.207,1900.4,5.659,24.1,79.2,Tier 2 - Highly Suitable,All India,73.2,95.5,85.0,75.0
22.506,73.8056,5.08,5.081,1854.4,5.408,24.4,77.7,Tier 2 - Highly Suitable,All India,69.8,95.3,85.0,75.0
22.506,74.1556,5.08,5.082,1854.9,5.547,24.1,77.7,Tier 2 - Highly Suitable,All India,69.8,95.5,85.0,75.0
22.506,74.5056,5.21,5.207,1900.5,5.479,24.1,79.2,Tier 2 - Highly Suitable,All India,73.2,95.5,85.0,75.0
22.506,74.8556,5.2,5.204,1899.4,5.632,24.8,79.2,Tier 2 - Highly Suitable,All India,73.1,95.1,85.0,75.0
22.506,75.2056,5.09,5.093,1858.8,5.542,25.0,77.8,Tier 2 - Highly Suitable,All India,70.1,95.0,85.0,75.0
22.506,75.5556,5.11,5.113,1866.4,5.636,25.2,78.7,Tier 2 - Highly Suitable,All India,70.6,99.7,85.0,75.0
22.506,75.9056,5.12,5.121,1869.0,5.386,23.6,78.2,Tier 2 - Highly Suitable,All India,70.8,95.7,85.0,75.0
22.506,76.2556,5.23,5.225,1907.3,5.541,24.3,79.4,Tier 2 - Highly Suitable,All India,73.6,95.3,85.0,75.0
22.506,76.6056,5.23,5.231,1909.3,5.53,24.8,79.5,Tier 2 - Highly Suitable,All India,73.8,95.1,85.0,75.0
22.506,76.9556,5.08,5.085,1855.9,5.496,24.0,77.8,Tier 2 - Highly Suitable,All India,69.9,95.5,85.0,75.0
22.506,77.3056,5.2,5.202,1898.9,5.549,23.9,79.2,Tier 2 - Highly Suitable,All India,73.0,95.5,85.0,75.0
22.506,77.6556,5.22,5.221,1905.7,5.696,23.8,79.4,Tier 2 - Highly Suitable,All India,73.5,95.6,85.0,75.0
22.506,78.0056,5.15,5.154,1881.2,5.55,24.6,78.6,Tier 2 - Highly Suitable,All India,71.7,95.2,85.0,75.0
22.506,78.3556,5.2,5.197,1896.8,5.49,23.8,79.1,Tier 2 - Highly Suitable,All India,72.9,95.6,85.0,75.0
22.506,78.7056,5.17,5.165,1885.2,5.528,25.1,79.4,Tier 2 - Highly Suitable,All India,72.0,99.8,85.0,75.0
22.506,79.0556,5.11,5.108,1864.3,5.577,24.4,78.0,Tier 2 - Highly Suitable,All India,70.5,95.3,85.0,75.0
22.506,79.4056,5.28,5.28,1927.1,5.803,23.7,80.2,Tier 2 - Highly Suitable,All India,75.1,95.7,85.0,75.0
22.506,79.7556,5.08,5.081,1854.4,5.528,24.0,77.7,Tier 2 - Highly Suitable,All India,69.8,95.5,85.0,75.0
22.506,80.1056,5.2,5.203,1899.1,5.639,23.6,79.2,Tier 2 - Highly Suitable,All India,73.1,95.7,85.0,75.0
22.506,80.4556,5.26,5.259,1919.4,5.629,25.1,80.5,Tier 2 - Highly Suitable,All India,74.6,99.8,85.0,75.0
22.506,80.8056,5.09,5.092,1858.7,5.584,23.6,77.9,Tier 2 - Highly Suitable,All India,70.1,95.7,85.0,75.0
22.506,81.1556,5.13,5.129,1872.1,5.531,24.7,78.2,Tier 2 - Highly Suitable,All India,71.1,95.2,85.0,75.0
22.506,81.5056,5.1,5.099,1861.0,5.449,24.0,77.9,Tier 2 - Highly Suitable,All India,70.2,95.5,85.0,75.0
22.506,81.8556,5.12,5.116,1867.3,5.45,24.7,78.1,Tier 2 - Highly Suitable,All India,70.7,95.2,85.0,75.0
22.506,82.2056,5.08,5.082,1854.9,5.584,23.3,77.8,Tier 2 - Highly Suitable,All India,69.8,95.8,85.0,75.0
22.506,82.5556,5.13,5.131,1872.8,5.549,25.0,78.2,Tier 2 - Highly Suitable,All India,71.1,95.0,85.0,75.0
22.506,82.9056,5.11,5.113,1866.2,5.378,24.7,78.1,Tier 2 - Highly Suitable,All India,70.6,95.2,85.0,75.0
22.506,83.2556,5.23,5.225,1907.3,5.585,24.6,79.4,Tier 2 - Highly Suitable,All India,73.6,95.2,85.0,75.0
22.506,83.6056,5.27,5.271,1923.8,5.567,23.5,80.1,Tier 2 - Highly Suitable,All India,74.9,95.8,85.0,75.0
22.506,83.9556,5.12,5.121,1869.0,5.629,23.3,78.3,Tier 2 - Highly Suitable,All India,70.8,95.8,85.0,75.0
22.506,84.3056,5.14,5.144,1877.7,5.639,23.8,78.5,Tier 2 - Highly Suitable,All India,71.5,95.6,85.0,75.0
22.506,84.6556,5.24,5.243,1913.7,5.766,25.0,79.6,Tier 2 - Highly Suitable,All India,74.1,95.0,85.0,75.0
22.506,85.0056,5.24,5.24,1912.8,5.611,25.1,80.3,Tier 2 - Highly Suitable,All India,74.1,99.8,85.0,75.0
22.506,85.3556,5.14,5.137,1875.0,5.438,24.8,78.3,Tier 2 - Highly Suitable,All India,71.3,95.1,85.0,75.0
22.506,85.7056,5.25,5.253,1917.4,5.794,23.8,79.8,Tier 2 - Highly Suitable,All India,74.4,95.6,85.0,75.0
22.506,86.0556,5.18,5.177,1889.5,5.466,23.8,78.9,Tier 2 - Highly Suitable,All India,72.4,95.6,85.0,75.0
22.506,86.4056,5.23,5.228,1908.2,5.533,25.0,79.4,Tier 2 - Highly Suitable,All India,73.7,95.0,85.0,75.0
22.506,86.7556,5.14,5.138,1875.3,5.497,23.6,78.4,Tier 2 - Highly Suitable,All India,71.3,95.7,85.0,75.0
22.506,87.1056,5.26,5.262,1920.6,5.696,23.9,79.9,Tier 2 - Highly Suitable,All India,74.6,95.5,85.0,75.0
22.506,87.4556,5.13,5.135,1874.3,5.399,24.9,78.3,Tier 2 - Highly Suitable,All India,71.2,95.0,85.0,75.0
22.506,87.8056,5.13,5.128,1871.7,5.581,24.0,78.3,Tier 2 - Highly Suitable,All India,71.0,95.5,85.0,75.0
22.506,88.1556,4.52,4.521,1650.3,4.799,24.0,70.9,Tier 2 - Highly Suitable,All India,54.6,95.5,85.0,75.0
22.506,88.5056,4.41,4.406,1608.3,4.887,24.5,69.5,Tier 3 - Moderately Suitable,All India,51.5,95.2,85.0,75.0
22.506,88.8556,4.4,4.404,1607.5,4.703,25.1,70.1,Tier 2 - Highly Suitable,All India,51.5,99.8,85.0,75.0
22.506,92.7056,4.48,4.483,1636.4,4.954,23.5,65.5,Tier 3 - Moderately Suitable,All India,53.6,95.8,85.0,50.0
22.506,93.0556,4.51,4.514,1647.6,4.987,23.7,65.8,Tier 3 - Moderately Suitable,All India,54.4,95.7,85.0,50.0
22.856,69.2556,5.21,5.207,1900.4,5.605,24.0,85.4,Tier 1 - Prime Location,All India,73.2,95.5,96.0,95.0
22.856,69.6056,5.15,5.154,1881.1,5.541,24.0,84.8,Tier 2 - Highly Suitable,All India,71.7,95.5,96.0,95.0
22.856,70.6556,5.25,5.247,1915.2,5.697,23.8,85.9,Tier 1 - Prime Location,All India,74.2,95.6,96.0,95.0
22.856,71.0056,5.07,5.075,1852.3,5.475,23.5,83.9,Tier 2 - Highly Suitable,All India,69.6,95.8,96.0,95.0
22.856,71.3556,5.08,5.081,1854.6,5.396,24.7,83.9,Tier 2 - Highly Suitable,All India,69.8,95.2,96.0,95.0
22.856,71.7056,5.12,5.124,1870.2,5.639,23.8,84.5,Tier 2 - Highly Suitable,All India,70.9,95.6,96.0,95.0
22.856,72.0556,5.21,5.208,1900.9,5.662,24.6,85.4,Tier 1 - Prime Location,All India,73.2,95.2,96.0,95.0
22.856,72.4056,5.09,5.094,1859.2,5.476,23.3,84.1,Tier 2 - Highly Suitable,All India,70.1,95.8,96.0,95.0
22.856,72.7556,5.22,5.22,1905.3,5.592,23.8,83.4,Tier 2 - Highly Suitable,All India,73.5,95.6,85.0,95.0
22.856,73.1056,5.1,5.101,1861.8,5.472,24.8,77.9,Tier 2 - Highly Suitable,All India,70.3,95.1,85.0,75.0
22.856,73.4556,5.21,5.208,1900.9,5.623,24.2,79.2,Tier 2 - Highly Suitable,All India,73.2,95.4,85.0,75.0
22.856,73.8056,5.07,5.068,1849.7,5.474,23.1,77.6,Tier 2 - Highly Suitable,All India,69.4,96.0,85.0,75.0
22.856,74.1556,5.09,5.086,1856.4,5.346,24.6,77.7,Tier 2 - Highly Suitable,All India,69.9,95.2,85.0,75.0
22.856,74.5056,5.16,5.163,1884.5,5.704,24.4,78.7,Tier 2 - Highly Suitable,All India,72.0,95.3,85.0,75.0
22.856,74.8556,5.14,5.137,1875.0,5.512,23.1,78.5,Tier 2 - Highly Suitable,All India,71.3,96.0,85.0,75.0
22.856,75.2056,5.19,5.189,1894.1,5.602,24.2,79.0,Tier 2 - Highly Suitable,All India,72.7,95.4,85.0,75.0
22.856,75.5556,5.18,5.179,1890.2,5.494,24.7,78.9,Tier 2 - Highly Suitable,All India,72.4,95.2,85.0,75.0
22.856,75.9056,5.14,5.14,1876.0,5.674,23.9,78.4,Tier 2 - Highly Suitable,All India,71.4,95.5,85.0,75.0
22.856,76.2556,5.07,5.067,1849.5,5.38,23.5,77.6,Tier 2 - Highly Suitable,All India,69.4,95.8,85.0,75.0
22.856,76.6056,5.2,5.199,1897.5,5.547,23.4,79.2,Tier 2 - Highly Suitable,All India,72.9,95.8,85.0,75.0
22.856,76.9556,5.1,5.1,1861.6,5.428,24.3,77.9,Tier 2 - Highly Suitable,All India,70.3,95.3,85.0,75.0
22.856,77.3056,5.25,5.247,1915.1,5.785,23.3,79.8,Tier 2 - Highly Suitable,All India,74.2,95.8,85.0,75.0
22.856,77.6556,5.26,5.263,1921.1,5.641,24.8,79.9,Tier 2 - Highly Suitable,All India,74.7,95.1,85.0,75.0
22.856,78.0056,5.07,5.074,1852.1,5.553,23.4,77.7,Tier 2 - Highly Suitable,All India,69.6,95.8,85.0,75.0
22.856,78.3556,5.09,5.09,1858.0,5.612,24.8,77.8,Tier 2 - Highly Suitable,All India,70.0,95.1,85.0,75.0
22.856,78.7056,5.25,5.253,1917.3,5.566,23.2,79.9,Tier 2 - Highly Suitable,All India,74.4,95.9,85.0,75.0
22.856,79.0556,5.18,5.177,1889.5,5.701,23.5,78.9,Tier 2 - Highly Suitable,All India,72.4,95.8,85.0,75.0
22.856,79.4056,5.2,5.198,1897.4,5.648,23.9,79.1,Tier 2 - Highly Suitable,All India,72.9,95.5,85.0,75.0
22.856,79.7556,5.08,5.083,1855.4,5.554,23.4,77.8,Tier 2 - Highly Suitable,All India,69.8,95.8,85.0,75.0
22.856,80.1056,5.09,5.094,1859.3,5.517,23.1,77.9,Tier 2 - Highly Suitable,All India,70.1,96.0,85.0,75.0
22.856,80.4556,5.26,5.264,1921.4,5.793,23.4,80.0,Tier 2 - Highly Suitable,All India,74.7,95.8,85.0,75.0
22.856,80.8056,5.14,5.141,1876.6,5.515,24.1,78.4,Tier 2 - Highly Suitable,All India,71.4,95.5,85.0,75.0
22.856,81.1556,5.21,5.21,1901.8,5.521,23.7,79.3,Tier 2 - Highly Suitable,All India,73.2,95.7,85.0,75.0
22.856,81.5056,5.14,5.145,1877.8,5.655,23.1,78.6,Tier 2 - Highly Suitable,All India,71.5,96.0,85.0,75.0
22.856,81.8556,5.09,5.094,1859.2,5.368,24.6,77.8,Tier 2 - Highly Suitable,All India,70.1,95.2,85.0,75.0
22.856,82.2056,5.09,5.094,1859.3,5.405,24.9,77.8,Tier 2 - Highly Suitable,All India,70.1,95.0,85.0,75.0
22.856,82.5556,5.15,5.155,1881.6,5.552,23.9,78.6,Tier 2 - Highly Suitable,All India,71.8,95.5,85.0,75.0
22.856,82.9056,5.11,5.109,1864.9,5.567,24.3,78.0,Tier 2 - Highly Suitable,All India,70.5,95.3,85.0,75.0
22.856,83.2556,5.13,5.126,1871.0,5.402,23.6,78.3,Tier 2 - Highly Suitable,All India,71.0,95.7,85.0,75.0
22.856,83.6056,5.26,5.264,1921.2,5.828,23.2,80.0,Tier 2 - Highly Suitable,All India,74.7,95.9,85.0,75.0
22.856,83.9556,5.22,5.222,1906.1,5.61,24.3,79.4,Tier 2 - Highly Suitable,All India,73.6,95.3,85.0,75.0
22.856,84.3056,5.18,5.184,1892.2,5.671,24.8,78.9,Tier 2 - Highly Suitable,All India,72.5,95.1,85.0,75.0
22.856,84.6556,5.11,5.112,1866.0,5.623,23.1,78.2,Tier 2 - Highly Suitable,All India,70.6,96.0,85.0,75.0
22.856,85.0056,5.26,5.259,1919.7,5.563,23.7,79.9,Tier 2 - Highly Suitable,All India,74.6,95.7,85.0,75.0
22.856,85.3556,5.09,5.087,1856.7,5.537,24.1,77.8,Tier 2 - Highly Suitable,All India,69.9,95.5,85.0,75.0
22.856,85.7056,5.17,5.174,1888.5,5.56,24.6,78.8,Tier 2 - Highly Suitable,All India,72.3,95.2,85.0,75.0
22.856,86.0556,5.09,5.086,1856.5,5.513,23.9,77.8,Tier 2 - Highly Suitable,All India,69.9,95.5,85.0,75.0
22.856,86.4056,5.21,5.213,1902.8,5.694,23.8,79.3,Tier 2 - Highly Suitable,All India,73.3,95.6,85.0,75.0
22.856,86.7556,5.21,5.215,1903.3,5.496,24.4,79.3,Tier 2 - Highly Suitable,All India,73.4,95.3,85.0,75.0
22.856,87.1056,5.15,5.152,1880.6,5.483,24.1,78.6,Tier 2 - Highly Suitable,All India,71.7,95.5,85.0,75.0
22.856,87.4556,5.09,5.087,1856.7,5.358,24.6,77.7,Tier 2 - Highly Suitable,All India,69.9,95.2,85.0,75.0
22.856,87.8056,5.15,5.15,1879.6,5.559,24.9,78.5,Tier 2 - Highly Suitable,All India,71.6,95.0,85.0,75.0
22.856,88.1556,4.38,4.382,1599.5,4.754,23.5,69.3,Tier 3 - Moderately Suitable,All India,50.9,95.8,85.0,75.0
22.856,88.5056,4.38,4.381,1599.1,4.614,23.6,69.2,Tier 3 - Moderately Suitable,All India,50.8,95.7,85.0,75.0
22.856,88.8556,4.46,4.465,1629.6,4.91,23.6,70.3,Tier 2 - Highly Suitable,All India,53.1,95.7,85.0,75.0
22.856,92.7056,4.46,4.457,1626.9,4.716,23.2,65.2,Tier 3 - Moderately Suitable,All India,52.9,95.9,85.0,50.0
22.856,93.0556,4.37,4.369,1594.6,4.626,25.0,64.0,Tier 3 - Moderately Suitable,All India,50.5,95.0,85.0,50.0
23.206,68.9056,5.15,5.154,1881.1,5.573,23.7,84.8,Tier 2 - Highly Suitable,All India,71.7,95.7,96.0,95.0
23.206,69.2556,6.12,6.119,2233.3,6.717,24.2,96.5,Tier 1 - Prime Location,All India,97.8,95.4,96.0,95.0
23.206,69.6056,6.28,6.281,2292.6,6.725,23.9,97.5,Tier 1 - Prime Location,All India,100.0,95.5,96.0,95.0
23.206,69.9556,6.23,6.228,2273.2,6.72,23.6,97.6,Tier 1 - Prime Location,All India,100.0,95.7,96.0,95.0
23.206,70.3056,6.38,6.379,2328.3,6.965,24.3,97.5,Tier 1 - Prime Location,All India,100.0,95.3,96.0,95.0
23.206,70.6556,6.26,6.256,2283.4,6.839,23.0,97.6,Tier 1 - Prime Location,All India,100.0,96.0,96.0,95.0
23.206,71.3556,6.41,6.413,2340.6,6.807,24.3,97.5,Tier 1 - Prime Location,All India,100.0,95.3,96.0,95.0
23.206,71.7056,6.24,6.243,2278.7,6.826,24.6,97.5,Tier 1 - Prime Location,All India,100.0,95.2,96.0,95.0
23.206,72.0556,6.24,6.239,2277.1,6.728,24.9,97.5,Tier 1 - Prime Location,All India,100.0,95.0,96.0,95.0
23.206,72.4056,6.29,6.289,2295.4,6.742,23.7,97.5,Tier 1 - Prime Location,All India,100.0,95.7,96.0,95.0
23.206,72.7556,6.31,6.308,2302.3,6.716,23.4,95.4,Tier 1 - Prime Location,All India,100.0,95.8,85.0,95.0
23.206,73.1056,6.29,6.289,2295.5,6.708,23.0,91.4,Tier 1 - Prime Location,All India,100.0,96.0,85.0,75.0
23.206,73.4556,6.33,6.331,2310.9,6.785,23.5,91.4,Tier 1 - Prime Location,All India,100.0,95.8,85.0,75.0
23.206,73.8056,6.22,6.22,2270.2,6.699,23.7,91.3,Tier 1 - Prime Location,All India,100.0,95.7,85.0,75.0
23.206,74.1556,6.17,6.167,2250.8,6.649,23.2,91.0,Tier 1 - Prime Location,All India,99.1,95.9,85.0,75.0
23.206,74.5056,6.09,6.087,2221.7,6.655,24.4,89.9,Tier 1 - Prime Location,All India,96.9,95.3,85.0,75.0
23.206,74.8556,6.17,6.175,2253.7,6.773,24.6,91.0,Tier 1 - Prime Location,All India,99.3,95.2,85.0,75.0
23.206,75.2056,6.21,6.207,2265.5,6.833,23.0,91.4,Tier 1 - Prime Location,All India,100.0,96.0,85.0,75.0
23.206,75.5556,6.04,6.043,2205.8,6.476,24.8,89.4,Tier 1 - Prime Location,All India,95.8,95.1,85.0,75.0
23.206,75.9056,6.11,6.109,2229.7,6.575,24.2,90.2,Tier 1 - Prime Location,All India,97.5,95.4,85.0,75.0
23.206,76.2556,5.1,5.103,1862.5,5.624,24.1,78.0,Tier 2 - Highly Suitable,All India,70.4,95.5,85.0,75.0
23.206,76.6056,5.1,5.101,1861.8,5.496,24.8,77.9,Tier 2 - Highly Suitable,All India,70.3,95.1,85.0,75.0
23.206,76.9556,5.11,5.11,1865.2,5.446,23.0,78.1,Tier 2 - Highly Suitable,All India,70.5,96.0,85.0,75.0
23.206,77.3056,5.07,5.069,1850.3,5.574,24.0,77.6,Tier 2 - Highly Suitable,All India,69.4,95.5,85.0,75.0
23.206,77.6556,5.25,5.246,1914.7,5.731,23.8,79.7,Tier 2 - Highly Suitable,All India,74.2,95.6,85.0,75.0
23.206,78.0056,5.13,5.127,1871.2,5.663,24.1,78.3,Tier 2 - Highly Suitable,All India,71.0,95.5,85.0,75.0
23.206,78.3556,5.17,5.167,1886.0,5.545,23.2,78.8,Tier 2 - Highly Suitable,All India,72.1,95.9,85.0,75.0
23.206,78.7056,5.16,5.164,1885.0,5.727,24.7,78.7,Tier 2 - Highly Suitable,All India,72.0,95.2,85.0,75.0
23.206,79.0556,5.14,5.137,1875.0,5.488,22.9,78.5,Tier 2 - Highly Suitable,All India,71.3,96.0,85.0,75.0
23.206,79.4056,5.11,5.114,1866.5,5.389,23.2,78.2,Tier 2 - Highly Suitable,All India,70.6,95.9,85.0,75.0
23.206,79.7556,5.18,5.183,1891.8,5.678,24.3,78.9,Tier 2 - Highly Suitable,All India,72.5,95.3,85.0,75.0
23.206,80.1056,5.2,5.198,1897.4,5.603,24.9,79.1,Tier 2 - Highly Suitable,All India,72.9,95.0,85.0,75.0
23.206,80.4556,5.21,5.209,1901.3,5.553,24.0,79.3,Tier 2 - Highly Suitable,All India,73.2,95.5,85.0,75.0
23.206,80.8056,5.11,5.11,1865.3,5.554,24.4,78.0,Tier 2 - Highly Suitable,All India,70.5,95.3,85.0,75.0
23.206,81.1556,5.11,5.114,1866.4,5.509,23.2,78.2,Tier 2 - Highly Suitable,All India,70.6,95.9,85.0,75.0
23.206,81.5056,5.14,5.137,1874.9,5.648,24.7,78.3,Tier 2 - Highly Suitable,All India,71.3,95.2,85.0,75.0
23.206,81.8556,5.13,5.129,1872.0,5.443,24.7,78.2,Tier 2 - Highly Suitable,All India,71.1,95.2,85.0,75.0
23.206,82.2056,5.11,5.111,1865.5,5.451,23.6,78.1,Tier 2 - Highly Suitable,All India,70.6,95.7,85.0,75.0
23.206,82.5556,5.21,5.207,1900.4,5.53,24.0,79.2,Tier 2 - Highly Suitable,All India,73.2,95.5,85.0,75.0
23.206,82.9056,5.17,5.172,1887.7,5.722,23.0,78.9,Tier 2 - Highly Suitable,All India,72.2,96.0,85.0,75.0
23.206,83.2556,5.11,5.105,1863.4,5.496,23.7,78.0,Tier 2 - Highly Suitable,All India,70.4,95.7,85.0,75.0
23.206,83.6056,5.08,5.083,1855.3,5.544,24.6,77.7,Tier 2 - Highly Suitable,All India,69.8,95.2,85.0,75.0
23.206,83.9556,5.24,5.244,1914.2,5.528,23.0,79.8,Tier 2 - Highly Suitable,All India,74.2,96.0,85.0,75.0
23.206,84.3056,5.23,5.229,1908.5,5.72,24.3,79.5,Tier 2 - Highly Suitable,All India,73.8,95.3,85.0,75.0
23.206,84.6556,5.08,5.081,1854.5,5.615,24.4,77.7,Tier 2 - Highly Suitable,All India,69.8,95.3,85.0,75.0
23.206,85.0056,5.19,5.187,1893.3,5.523,23.3,79.1,Tier 2 - Highly Suitable,All India,72.6,95.8,85.0,75.0
23.206,85.3556,5.17,5.168,1886.3,5.456,23.2,78.8,Tier 2 - Highly Suitable,All India,72.1,95.9,85.0,75.0
23.206,85.7056,5.13,5.134,1873.9,5.67,23.8,78.4,Tier 2 - Highly Suitable,All India,71.2,95.6,85.0,75.0
23.206,86.0556,5.24,5.239,1912.1,5.77,24.8,79.6,Tier 2 - Highly Suitable,All India,74.0,95.1,85.0,75.0
23.206,86.4056,5.19,5.192,1895.1,5.486,24.5,79.0,Tier 2 - Highly Suitable,All India,72.8,95.2,85.0,75.0
23.206,86.7556,5.09,5.089,1857.4,5.46,23.3,77.9,Tier 2 - Highly Suitable,All India,70.0,95.8,85.0,75.0
23.206,87.1056,5.14,5.139,1875.7,5.402,24.5,78.4,Tier 2 - Highly Suitable,All India,71.3,95.2,85.0,75.0
23.206,87.4556,5.17,5.167,1885.8,5.674,23.7,78.8,Tier 2 - Highly Suitable,All India,72.1,95.7,85.0,75.0
23.206,87.8056,5.14,5.138,1875.3,5.599,24.6,78.4,Tier 2 - Highly Suitable,All India,71.3,95.2,85.0,75.0
23.206,88.1556,4.38,4.384,1600.0,4.763,24.0,69.2,Tier 3 - Moderately Suitable,All India,50.9,95.5,85.0,75.0
23.206,88.5056,4.37,4.37,1595.0,4.817,24.6,69.0,Tier 3 - Moderately Suitable,All India,50.5,95.2,85.0,75.0
23.206,88.8556,4.54,4.54,1657.0,4.962,23.9,71.1,Tier 2 - Highly Suitable,All India,55.1,95.5,85.0,75.0
23.206,91.6556,4.4,4.397,1604.8,4.861,23.5,64.4,Tier 3 - Moderately Suitable,All India,51.3,95.8,85.0,50.0
23.206,92.3556,4.38,4.381,1599.1,4.842,24.3,64.2,Tier 3 - Moderately Suitable,All India,50.8,95.3,85.0,50.0
23.206,92.7056,4.39,4.387,1601.4,4.815,24.5,64.2,Tier 3 - Moderately Suitable,All India,51.0,95.2,85.0,50.0
23.206,93.0556,4.41,4.412,1610.3,4.732,24.2,64.6,Tier 3 - Moderately Suitable,All India,51.7,95.4,85.0,50.0
23.556,68.5556,5.23,5.231,1909.2,5.508,23.7,85.8,Tier 1 - Prime Location,All India,73.8,95.7,96.0,95.0
23.556,68.9056,5.04,5.044,1841.2,5.593,23.8,83.5,Tier 2 - Highly Suitable,All India,68.8,95.6,96.0,95.0
23.556,69.2556,6.15,6.154,2246.0,6.554,24.4,96.9,Tier 1 - Prime Location,All India,98.8,95.3,96.0,95.0
23.556,69.6056,6.32,6.318,2306.1,6.863,24.5,97.5,Tier 1 - Prime Location,All India,100.0,95.2,96.0,95.0
23.556,69.9556,6.16,6.16,2248.6,6.709,22.8,97.1,Tier 1 - Prime Location,All India,98.9,96.1,96.0,95.0
23.556,70.3056,6.21,6.207,2265.6,6.802,23.4,97.6,Tier 1 - Prime Location,All India,100.0,95.8,96.0,95.0
23.556,70.6556,6.27,6.266,2287.0,6.699,24.2,97.5,Tier 1 - Prime Location,All India,100.0,95.4,96.0,95.0
23.556,71.0056,6.34,6.342,2314.9,6.964,23.3,97.6,Tier 1 - Prime Location,All India,100.0,95.8,96.0,95.0
23.556,71.3556,6.32,6.32,2307.0,6.736,23.0,97.6,Tier 1 - Prime Location,All India,100.0,96.0,96.0,95.0
23.556,71.7056,6.37,6.374,2326.6,6.802,24.5,97.5,Tier 1 - Prime Location,All India,100.0,95.2,96.0,95.0
23.556,72.0556,6.23,6.23,2273.9,6.787,24.5,97.5,Tier 1 - Prime Location,All India,100.0,95.2,96.0,95.0
23.556,72.4056,6.36,6.365,2323.2,6.877,24.5,97.5,Tier 1 - Prime Location,All India,100.0,95.2,96.0,95.0
23.556,72.7556,6.32,6.322,2307.7,6.761,24.1,95.3,Tier 1 - Prime Location,All India,100.0,95.5,85.0,95.0
23.556,73.1056,6.27,6.273,2289.8,6.894,24.6,91.3,Tier 1 - Prime Location,All India,100.0,95.2,85.0,75.0
23.556,73.4556,6.22,6.22,2270.2,6.601,22.8,91.4,Tier 1 - Prime Location,All India,100.0,96.1,85.0,75.0
23.556,73.8056,6.13,6.13,2237.3,6.506,22.8,90.6,Tier 1 - Prime Location,All India,98.1,96.1,85.0,75.0
23.556,74.1556,6.19,6.186,2257.8,6.633,23.3,91.2,Tier 1 - Prime Location,All India,99.6,95.8,85.0,75.0
23.556,74.5056,6.25,6.252,2282.0,6.871,23.8,91.3,Tier 1 - Prime Location,All India,100.0,95.6,85.0,75.0
23.556,74.8556,6.11,6.108,2229.4,6.72,24.3,90.2,Tier 1 - Prime Location,All India,97.5,95.3,85.0,75.0
23.556,75.2056,6.05,6.047,2207.2,6.424,23.5,89.5,Tier 1 - Prime Location,All India,95.9,95.8,85.0,75.0
23.556,75.5556,6.06,6.059,2211.4,6.418,23.2,89.7,Tier 1 - Prime Location,All India,96.2,95.9,85.0,75.0
23.556,75.9056,6.04,6.04,2204.6,6.634,24.3,89.4,Tier 1 - Prime Location,All India,95.7,95.3,85.0,75.0
23.556,76.2556,5.1,5.103,1862.5,5.621,24.3,78.0,Tier 2 - Highly Suitable,All India,70.4,95.3,85.0,75.0
23.556,76.6056,5.12,5.119,1868.3,5.434,23.8,78.2,Tier 2 - Highly Suitable,All India,70.8,95.6,85.0,75.0
23.556,76.9556,5.11,5.114,1866.7,5.584,24.0,78.1,Tier 2 - Highly Suitable,All India,70.6,95.5,85.0,75.0
23.556,77.3056,5.14,5.142,1876.9,5.691,24.5,78.4,Tier 2 - Highly Suitable,All India,71.4,95.2,85.0,75.0
23.556,77.6556,5.06,5.062,1847.6,5.478,24.6,77.4,Tier 2 - Highly Suitable,All India,69.2,95.2,85.0,75.0
23.556,78.0056,5.05,5.053,1844.3,5.401,23.2,77.4,Tier 2 - Highly Suitable,All India,69.0,95.9,85.0,75.0
23.556,78.3556,5.06,5.064,1848.5,5.468,24.3,77.5,Tier 2 - Highly Suitable,All India,69.3,95.3,85.0,75.0
23.556,78.7056,5.19,5.194,1895.9,5.542,23.6,79.1,Tier 2 - Highly Suitable,All India,72.8,95.7,85.0,75.0
23.556,79.0556,5.13,5.126,1871.0,5.535,23.2,78.3,Tier 2 - Highly Suitable,All India,71.0,95.9,85.0,75.0
23.556,79.4056,5.18,5.184,1892.2,5.499,24.4,78.9,Tier 2 - Highly Suitable,All India,72.5,95.3,85.0,75.0
23.556,79.7556,5.07,5.07,1850.6,5.385,24.3,77.6,Tier 2 - Highly Suitable,All India,69.5,95.3,85.0,75.0
23.556,80.1056,5.14,5.141,1876.4,5.468,24.2,78.4,Tier 2 - Highly Suitable,All India,71.4,95.4,85.0,75.0
23.556,80.4556,5.16,5.156,1882.0,5.648,23.8,78.6,Tier 2 - Highly Suitable,All India,71.8,95.6,85.0,75.0
23.556,80.8056,5.16,5.16,1883.2,5.462,23.5,78.7,Tier 2 - Highly Suitable,All India,71.9,95.8,85.0,75.0
23.556,81.1556,5.04,5.044,1841.1,5.501,24.7,77.2,Tier 2 - Highly Suitable,All India,68.8,95.2,85.0,75.0
23.556,81.5056,5.07,5.072,1851.2,5.341,24.0,77.6,Tier 2 - Highly Suitable,All India,69.5,95.5,85.0,75.0
23.556,81.8556,5.21,5.207,1900.7,5.502,24.5,79.2,Tier 2 - Highly Suitable,All India,73.2,95.2,85.0,75.0
23.556,82.2056,5.22,5.217,1904.3,5.663,23.0,79.4,Tier 2 - Highly Suitable,All India,73.4,96.0,85.0,75.0
23.556,82.5556,5.22,5.22,1905.2,5.527,23.8,79.4,Tier 2 - Highly Suitable,All India,73.5,95.6,85.0,75.0
23.556,82.9056,5.19,5.189,1894.1,5.62,22.9,79.1,Tier 2 - Highly Suitable,All India,72.7,96.0,85.0,75.0
23.556,83.2556,5.15,5.147,1878.5,5.697,23.7,78.5,Tier 2 - Highly Suitable,All India,71.5,95.7,85.0,75.0
23.556,83.6056,5.06,5.063,1848.1,5.457,24.4,77.5,Tier 2 - Highly Suitable,All India,69.3,95.3,85.0,75.0
23.556,83.9556,5.13,5.126,1870.9,5.535,24.0,78.3,Tier 2 - Highly Suitable,All India,71.0,95.5,85.0,75.0
23.556,84.3056,5.12,5.119,1868.6,5.396,24.0,78.2,Tier 2 - Highly Suitable,All India,70.8,95.5,85.0,75.0
23.556,84.6556,5.21,5.207,1900.6,5.55,24.2,79.2,Tier 2 - Highly Suitable,All India,73.2,95.4,85.0,75.0
23.556,85.0056,5.07,5.067,1849.5,5.337,24.2,77.5,Tier 2 - Highly Suitable,All India,69.4,95.4,85.0,75.0
23.556,85.3556,5.14,5.139,1875.8,5.526,23.8,78.4,Tier 2 - Highly Suitable,All India,71.3,95.6,85.0,75.0
23.556,85.7056,5.06,5.056,1845.4,5.391,23.8,77.4,Tier 2 - Highly Suitable,All India,69.1,95.6,85.0,75.0
23.556,86.0556,5.1,5.104,1862.8,5.621,24.6,78.0,Tier 2 - Highly Suitable,All India,70.4,95.2,85.0,75.0
23.556,86.4056,5.06,5.057,1845.8,5.563,23.9,77.4,Tier 2 - Highly Suitable,All India,69.1,95.5,85.0,75.0
23.556,86.7556,5.16,5.156,1881.9,5.586,24.2,78.6,Tier 2 - Highly Suitable,All India,71.8,95.4,85.0,75.0
23.556,87.1056,5.21,5.214,1902.9,5.741,23.6,79.4,Tier 2 - Highly Suitable,All India,73.4,95.7,85.0,75.0
23.556,87.4556,5.19,5.191,1894.6,5.64,23.0,79.1,Tier 2 - Highly Suitable,All India,72.7,96.0,85.0,75.0
23.556,87.8056,5.1,5.103,1862.6,5.587,24.5,77.9,Tier 2 - Highly Suitable,All India,70.4,95.2,85.0,75.0
23.556,88.1556,4.53,4.533,1654.5,4.892,23.8,71.1,Tier 2 - Highly Suitable,All India,54.9,95.6,85.0,75.0
23.556,88.5056,4.47,4.472,1632.2,4.69,23.9,70.3,Tier 2 - Highly Suitable,All India,53.3,95.5,85.0,75.0
23.556,91.3056,4.4,4.395,1604.2,4.774,24.0,64.4,Tier 3 - Moderately Suitable,All India,51.2,95.5,85.0,50.0
23.556,91.6556,4.47,4.467,1630.6,4.681,24.2,65.2,Tier 3 - Moderately Suitable,All India,53.2,95.4,85.0,50.0
23.556,92.3556,4.36,4.357,1590.5,4.69,24.2,63.9,Tier 3 - Moderately Suitable,All India,50.2,95.4,85.0,50.0
23.556,92.7056,4.53,4.527,1652.5,4.857,23.3,66.0,Tier 3 - Moderately Suitable,All India,54.8,95.8,85.0,50.0
23.556,93.0556,4.41,4.413,1610.6,4.853,22.9,64.7,Tier 3 - Moderately Suitable,All India,51.7,96.0,85.0,50.0
23.556,93.4056,4.37,4.366,1593.7,4.817,23.1,64.1,Tier 3 - Moderately Suitable,All India,50.4,96.0,85.0,50.0
23.906,69.2556,6.23,6.232,2274.9,6.634,24.2,97.5,Tier 1 - Prime Location,All India,100.0,95.4,96.0,95.0
23.906,69.6056,6.27,6.265,2286.8,6.864,22.8,97.6,Tier 1 - Prime Location,All India,100.0,96.1,96.0,95.0
23.906,69.9556,6.15,6.147,2243.7,6.546,22.9,97.0,Tier 1 - Prime Location,All India,98.6,96.0,96.0,95.0
23.906,70.3056,6.35,6.346,2316.3,6.865,24.3,97.5,Tier 1 - Prime Location,All India,100.0,95.3,96.0,95.0
23.906,70.6556,6.28,6.285,2294.0,6.851,22.8,97.6,Tier 1 - Prime Location,All India,100.0,96.1,96.0,95.0
23.906,71.3556,6.38,6.383,2329.8,6.796,23.8,97.5,Tier 1 - Prime Location,All India,100.0,95.6,96.0,95.0
23.906,71.7056,6.34,6.34,2314.0,6.988,23.6,97.6,Tier 1 - Prime Location,All India,100.0,95.7,96.0,95.0
23.906,72.0556,6.25,6.254,2282.9,6.619,23.4,97.6,Tier 1 - Prime Location,All India,100.0,95.8,96.0,95.0
23.906,72.4056,6.22,6.222,2270.9,6.629,22.7,97.6,Tier 1 - Prime Location,All India,100.0,96.2,96.0,95.0
23.906,72.7556,6.17,6.174,2253.5,6.614,23.7,95.0,Tier 1 - Prime Location,All India,99.3,95.7,85.0,95.0
23.906,73.1056,6.16,6.159,2248.1,6.539,24.2,90.8,Tier 1 - Prime Location,All India,98.9,95.4,85.0,75.0
23.906,73.4556,6.25,6.249,2280.8,6.844,23.9,91.3,Tier 1 - Prime Location,All India,100.0,95.5,85.0,75.0
23.906,73.8056,6.27,6.267,2287.4,6.631,24.5,91.3,Tier 1 - Prime Location,All India,100.0,95.2,85.0,75.0
23.906,74.1556,6.19,6.194,2260.8,6.735,23.7,91.3,Tier 1 - Prime Location,All India,99.8,95.7,85.0,75.0
23.906,74.5056,6.16,6.162,2249.2,6.804,22.6,91.0,Tier 1 - Prime Location,All India,99.0,96.2,85.0,75.0
23.906,74.8556,6.06,6.061,2212.3,6.649,24.2,89.6,Tier 1 - Prime Location,All India,96.2,95.4,85.0,75.0
23.906,75.2056,6.03,6.034,2202.4,6.568,24.5,89.3,Tier 1 - Prime Location,All India,95.5,95.2,85.0,75.0
23.906,75.5556,6.1,6.1,2226.5,6.478,23.2,90.2,Tier 1 - Prime Location,All India,97.3,95.9,85.0,75.0
23.906,75.9056,6.06,6.057,2210.9,6.442,23.1,89.7,Tier 1 - Prime Location,All India,96.1,96.0,85.0,75.0
23.906,76.2556,5.05,5.045,1841.6,5.526,23.8,77.3,Tier 2 - Highly Suitable,All India,68.8,95.6,85.0,75.0
23.906,76.6056,5.04,5.041,1840.0,5.35,22.7,77.3,Tier 2 - Highly Suitable,All India,68.7,96.2,85.0,75.0
23.906,76.9556,5.14,5.143,1877.3,5.576,23.0,78.5,Tier 2 - Highly Suitable,All India,71.4,96.0,85.0,75.0
23.906,77.3056,5.18,5.18,1890.8,5.637,23.3,79.0,Tier 2 - Highly Suitable,All India,72.4,95.8,85.0,75.0
23.906,77.6556,5.21,5.21,1901.8,5.577,24.0,79.3,Tier 2 - Highly Suitable,All India,73.2,95.5,85.0,75.0
23.906,78.0056,5.05,5.053,1844.5,5.565,22.6,77.5,Tier 2 - Highly Suitable,All India,69.0,96.2,85.0,75.0
23.906,78.3556,5.2,5.202,1898.7,5.56,22.9,79.3,Tier 2 - Highly Suitable,All India,73.0,96.0,85.0,75.0
23.906,78.7056,5.04,5.037,1838.6,5.567,24.4,77.2,Tier 2 - Highly Suitable,All India,68.6,95.3,85.0,75.0
23.906,79.0556,5.04,5.041,1840.1,5.353,23.3,77.3,Tier 2 - Highly Suitable,All India,68.7,95.8,85.0,75.0
23.906,79.4056,5.06,5.06,1847.0,5.555,22.8,77.6,Tier 2 - Highly Suitable,All India,69.2,96.1,85.0,75.0
23.906,79.7556,5.19,5.195,1896.1,5.526,24.4,79.1,Tier 2 - Highly Suitable,All India,72.8,95.3,85.0,75.0
23.906,80.1056,5.1,5.097,1860.4,5.379,24.2,77.9,Tier 2 - Highly Suitable,All India,70.2,95.4,85.0,75.0
23.906,80.4556,5.07,5.069,1850.2,5.528,24.5,77.5,Tier 2 - Highly Suitable,All India,69.4,95.2,85.0,75.0
23.906,80.8056,5.16,5.157,1882.2,5.557,24.2,78.6,Tier 2 - Highly Suitable,All India,71.8,95.4,85.0,75.0
23.906,81.1556,5.04,5.036,1838.1,5.463,23.4,77.2,Tier 2 - Highly Suitable,All India,68.5,95.8,85.0,75.0
23.906,81.5056,5.22,5.221,1905.7,5.624,22.6,79.5,Tier 2 - Highly Suitable,All India,73.5,96.2,85.0,75.0
23.906,81.8556,5.2,5.195,1896.2,5.694,22.6,79.2,Tier 2 - Highly Suitable,All India,72.8,96.2,85.0,75.0
23.906,82.2056,5.11,5.113,1866.3,5.406,23.2,78.2,Tier 2 - Highly Suitable,All India,70.6,95.9,85.0,75.0
23.906,82.5556,5.08,5.084,1855.6,5.409,23.2,77.8,Tier 2 - Highly Suitable,All India,69.8,95.9,85.0,75.0
23.906,82.9056,5.07,5.07,1850.6,5.427,24.3,77.6,Tier 2 - Highly Suitable,All India,69.5,95.3,85.0,75.0
23.906,83.2556,5.22,5.217,1904.4,5.548,23.6,79.4,Tier 2 - Highly Suitable,All India,73.4,95.7,85.0,75.0
23.906,83.6056,5.06,5.063,1848.1,5.614,22.6,77.6,Tier 2 - Highly Suitable,All India,69.3,96.2,85.0,75.0
23.906,83.9556,5.17,5.168,1886.2,5.614,23.7,78.8,Tier 2 - Highly Suitable,All India,72.1,95.7,85.0,75.0
23.906,84.3056,5.13,5.127,1871.3,5.518,23.2,78.3,Tier 2 - Highly Suitable,All India,71.0,95.9,85.0,75.0
23.906,84.6556,5.22,5.218,1904.7,5.522,22.9,79.5,Tier 2 - Highly Suitable,All India,73.5,96.0,85.0,75.0
23.906,85.0056,5.21,5.213,1902.7,5.752,23.4,79.4,Tier 2 - Highly Suitable,All India,73.3,95.8,85.0,75.0
23.906,85.3556,5.13,5.13,1872.4,5.639,24.1,78.3,Tier 2 - Highly Suitable,All India,71.1,95.5,85.0,75.0
23.906,85.7056,5.13,5.131,1873.0,5.527,23.3,78.4,Tier 2 - Highly Suitable,All India,71.1,95.8,85.0,75.0
23.906,86.0556,5.2,5.2,1898.1,5.549,24.1,79.2,Tier 2 - Highly Suitable,All India,73.0,95.5,85.0,75.0
23.906,86.4056,5.04,5.044,1841.2,5.548,23.5,77.3,Tier 2 - Highly Suitable,All India,68.8,95.8,85.0,75.0
23.906,86.7556,5.19,5.195,1896.1,5.55,23.1,79.2,Tier 2 - Highly Suitable,All India,72.8,96.0,85.0,75.0
23.906,87.1056,5.21,5.206,1900.1,5.595,23.6,79.3,Tier 2 - Highly Suitable,All India,73.1,95.7,85.0,75.0
23.906,87.4556,5.1,5.095,1859.7,5.433,24.0,77.9,Tier 2 - Highly Suitable,All India,70.1,95.5,85.0,75.0
23.906,87.8056,5.04,5.036,1838.2,5.307,24.5,77.1,Tier 2 - Highly Suitable,All India,68.5,95.2,85.0,75.0
23.906,88.1556,4.45,4.454,1625.9,4.752,24.0,70.1,Tier 2 - Highly Suitable,All India,52.8,95.5,85.0,75.0
23.906,88.5056,4.48,4.477,1634.0,4.896,23.5,70.4,Tier 2 - Highly Suitable,All India,53.4,95.8,85.0,75.0
23.906,91.3056,4.42,4.42,1613.2,4.86,22.9,64.8,Tier 3 - Moderately Suitable,All India,51.9,96.0,85.0,50.0
23.906,91.6556,4.41,4.411,1610.0,4.699,24.0,64.6,Tier 3 - Moderately Suitable,All India,51.6,95.5,85.0,50.0
23.906,92.0056,4.45,4.446,1622.8,4.736,23.3,65.0,Tier 3 - Moderately Suitable,All India,52.6,95.8,85.0,50.0
23.906,92.3556,4.39,4.39,1602.3,4.732,23.4,64.4,Tier 3 - Moderately Suitable,All India,51.1,95.8,85.0,50.0
23.906,92.7056,4.51,4.507,1645.0,4.944,23.5,65.8,Tier 3 - Moderately Suitable,All India,54.2,95.8,85.0,50.0
23.906,93.0556,4.47,4.474,1632.9,4.783,24.5,65.3,Tier 3 - Moderately Suitable,All India,53.4,95.2,85.0,50.0
23.906,94.1056,4.44,4.443,1621.5,4.83,23.9,65.0,Tier 3 - Moderately Suitable,All India,52.5,95.5,85.0,50.0
24.256,69.2556,6.19,6.185,2257.6,6.53,24.0,98.3,Tier 1 - Prime Location,All India,99.6,95.5,98.0,98.0
24.256,69.6056,6.25,6.253,2282.5,6.609,23.2,98.6,Tier 1 - Prime Location,All India,100.0,95.9,98.0,98.0
24.256,71.0056,6.36,6.36,2321.4,6.887,22.8,98.6,Tier 1 - Prime Location,All India,100.0,96.1,98.0,98.0
24.256,71.3556,6.35,6.346,2316.1,6.821,23.4,98.6,Tier 1 - Prime Location,All India,100.0,95.8,98.0,98.0
24.256,71.7056,6.34,6.337,2312.9,6.838,24.1,98.5,Tier 1 - Prime Location,All India,100.0,95.5,98.0,98.0
24.256,72.0556,6.36,6.359,2321.1,6.915,24.4,98.5,Tier 1 - Prime Location,All India,100.0,95.3,98.0,98.0
24.256,72.4056,6.25,6.255,2283.0,6.888,22.9,98.6,Tier 1 - Prime Location,All India,100.0,96.0,98.0,98.0
24.256,72.7556,6.16,6.156,2247.0,6.593,23.3,98.0,Tier 1 - Prime Location,All India,98.8,95.8,98.0,98.0
24.256,73.1056,6.21,6.213,2267.7,6.593,22.5,98.6,Tier 1 - Prime Location,All India,100.0,96.2,98.0,98.0
24.256,73.4556,6.14,6.143,2242.2,6.618,24.3,97.8,Tier 1 - Prime Location,All India,98.5,95.3,98.0,98.0
24.256,73.8056,6.17,6.173,2253.0,6.721,23.3,98.2,Tier 1 - Prime Location,All India,99.3,95.8,98.0,98.0
24.256,74.1556,6.25,6.247,2280.1,6.866,23.1,98.6,Tier 1 - Prime Location,All India,100.0,96.0,98.0,98.0
24.256,74.5056,6.13,6.127,2236.3,6.681,22.5,97.7,Tier 1 - Prime Location,All India,98.0,96.2,98.0,98.0
24.256,74.8556,6.18,6.178,2255.1,6.536,23.1,98.3,Tier 1 - Prime Location,All India,99.4,96.0,98.0,98.0
24.256,75.2056,5.99,5.991,2186.5,6.567,23.2,96.0,Tier 1 - Prime Location,All India,94.4,95.9,98.0,98.0
24.256,75.5556,6.07,6.074,2216.9,6.703,23.0,97.1,Tier 1 - Prime Location,All India,96.6,96.0,98.0,98.0
24.256,75.9056,6.1,6.099,2226.2,6.491,23.5,97.3,Tier 1 - Prime Location,All India,97.3,95.8,98.0,98.0
24.256,76.2556,5.2,5.197,1896.8,5.592,23.2,79.2,Tier 2 - Highly Suitable,All India,72.9,95.9,85.0,75.0
24.256,76.6056,5.13,5.13,1872.3,5.618,22.9,78.4,Tier 2 - Highly Suitable,All India,71.1,96.0,85.0,75.0
24.256,76.9556,5.19,5.188,1893.6,5.713,22.9,79.1,Tier 2 - Highly Suitable,All India,72.6,96.0,85.0,75.0
24.256,77.3056,5.08,5.076,1852.8,5.357,22.6,77.8,Tier 2 - Highly Suitable,All India,69.6,96.2,85.0,75.0
24.256,77.6556,5.11,5.108,1864.5,5.591,22.9,78.1,Tier 2 - Highly Suitable,All India,70.5,96.0,85.0,75.0
24.256,78.0056,5.01,5.012,1829.2,5.458,22.6,77.0,Tier 2 - Highly Suitable,All India,67.9,96.2,85.0,75.0
24.256,78.3556,5.15,5.148,1879.1,5.626,23.3,78.6,Tier 2 - Highly Suitable,All India,71.6,95.8,85.0,75.0
24.256,78.7056,5.2,5.202,1898.7,5.513,22.8,79.3,Tier 2 - Highly Suitable,All India,73.0,96.1,85.0,75.0
24.256,79.0556,5.16,5.162,1884.3,5.472,23.3,78.8,Tier 2 - Highly Suitable,All India,71.9,95.8,85.0,75.0
24.256,79.4056,5.05,5.049,1842.7,5.329,23.1,77.4,Tier 2 - Highly Suitable,All India,68.9,96.0,85.0,75.0
24.256,79.7556,5.21,5.208,1900.9,5.74,24.2,79.2,Tier 2 - Highly Suitable,All India,73.2,95.4,85.0,75.0
24.256,80.1056,5.08,5.081,1854.6,5.446,22.4,77.8,Tier 2 - Highly Suitable,All India,69.8,96.3,85.0,75.0
24.256,80.4556,5.16,5.163,1884.6,5.57,22.9,78.8,Tier 2 - Highly Suitable,All India,72.0,96.0,85.0,75.0
24.256,80.8056,5.18,5.184,1892.0,5.505,23.3,79.0,Tier 2 - Highly Suitable,All India,72.5,95.8,85.0,75.0
24.256,81.1556,5.19,5.193,1895.6,5.727,23.9,79.1,Tier 2 - Highly Suitable,All India,72.8,95.5,85.0,75.0
24.256,81.5056,5.16,5.162,1884.0,5.586,22.7,78.8,Tier 2 - Highly Suitable,All India,71.9,96.2,85.0,75.0
24.256,81.8556,5.19,5.191,1894.7,5.681,23.7,79.1,Tier 2 - Highly Suitable,All India,72.7,95.7,85.0,75.0
24.256,82.2056,5.08,5.081,1854.5,5.369,23.6,77.7,Tier 2 - Highly Suitable,All India,69.8,95.7,85.0,75.0
24.256,82.5556,5.14,5.136,1874.8,5.568,24.0,78.4,Tier 2 - Highly Suitable,All India,71.2,95.5,85.0,75.0
24.256,82.9056,5.16,5.157,1882.2,5.47,24.2,78.6,Tier 2 - Highly Suitable,All India,71.8,95.4,85.0,75.0
24.256,83.2556,5.12,5.117,1867.8,5.57,22.9,78.2,Tier 2 - Highly Suitable,All India,70.7,96.0,85.0,75.0
24.256,83.6056,5.09,5.092,1858.6,5.6,23.3,77.9,Tier 2 - Highly Suitable,All India,70.1,95.8,85.0,75.0
24.256,83.9556,5.13,5.133,1873.5,5.541,23.4,78.4,Tier 2 - Highly Suitable,All India,71.2,95.8,85.0,75.0
24.256,84.3056,5.07,5.07,1850.6,5.462,23.6,77.6,Tier 2 - Highly Suitable,All India,69.5,95.7,85.0,75.0
24.256,84.6556,5.09,5.085,1856.1,5.508,23.3,77.8,Tier 2 - Highly Suitable,All India,69.9,95.8,85.0,75.0
24.256,85.0056,5.21,5.208,1901.0,5.67,22.9,79.3,Tier 2 - Highly Suitable,All India,73.2,96.0,85.0,75.0
24.256,85.3556,5.08,5.08,1854.2,5.382,23.7,77.7,Tier 2 - Highly Suitable,All India,69.7,95.7,85.0,75.0
24.256,85.7056,5.03,5.025,1834.2,5.354,24.1,77.0,Tier 2 - Highly Suitable,All India,68.2,95.5,85.0,75.0
24.256,86.0556,5.15,5.148,1879.1,5.624,22.9,78.6,Tier 2 - Highly Suitable,All India,71.6,96.0,85.0,75.0
24.256,86.4056,5.19,5.191,1894.7,5.635,22.7,79.2,Tier 2 - Highly Suitable,All India,72.7,96.2,85.0,75.0
24.256,86.7556,5.1,5.101,1861.8,5.392,24.1,78.0,Tier 2 - Highly Suitable,All India,70.3,95.5,85.0,75.0
24.256,87.1056,5.19,5.186,1892.9,5.642,23.5,79.0,Tier 2 - Highly Suitable,All India,72.6,95.8,85.0,75.0
24.256,87.4556,5.2,5.196,1896.5,5.484,22.9,79.2,Tier 2 - Highly Suitable,All India,72.9,96.0,85.0,75.0
24.256,87.8056,5.09,5.088,1857.3,5.543,23.4,77.8,Tier 2 - Highly Suitable,All India,69.9,95.8,85.0,75.0
24.256,88.1556,4.33,4.328,1579.7,4.688,23.1,68.6,Tier 3 - Moderately Suitable,All India,49.4,96.0,85.0,75.0
24.256,88.5056,4.38,4.378,1598.1,4.739,23.7,69.2,Tier 3 - Moderately Suitable,All India,50.8,95.7,85.0,75.0
24.256,92.0056,4.47,4.47,1631.4,4.722,22.9,65.4,Tier 3 - Moderately Suitable,All India,53.2,96.0,85.0,50.0
24.256,92.3556,4.32,4.321,1577.0,4.754,22.8,63.6,Tier 3 - Moderately Suitable,All India,49.2,96.1,85.0,50.0
24.256,92.7056,4.39,4.387,1601.3,4.703,22.5,64.4,Tier 3 - Moderately Suitable,All India,51.0,96.2,85.0,50.0
24.256,93.0556,4.5,4.503,1643.7,4.886,23.1,65.8,Tier 3 - Moderately Suitable,All India,54.1,96.0,85.0,50.0
24.256,93.4056,4.5,4.503,1643.7,4.815,23.4,65.7,Tier 3 - Moderately Suitable,All India,54.1,95.8,85.0,50.0
24.256,93.7556,4.34,4.34,1584.3,4.619,23.8,63.7,Tier 3 - Moderately Suitable,All India,49.7,95.6,85.0,50.0
24.256,94.1056,4.46,4.462,1628.8,4.729,22.5,65.3,Tier 3 - Moderately Suitable,All India,53.0,96.2,85.0,50.0
24.606,71.0056,6.29,6.294,2297.4,6.73,22.4,98.6,Tier 1 - Prime Location,All India,100.0,96.3,98.0,98.0
24.606,71.3556,6.38,6.385,2330.4,6.942,23.9,98.5,Tier 1 - Prime Location,All India,100.0,95.5,98.0,98.0
24.606,71.7056,6.32,6.319,2306.3,6.865,22.7,98.6,Tier 1 - Prime Location,All India,100.0,96.2,98.0,98.0
24.606,72.0556,6.26,6.259,2284.4,6.813,23.0,98.6,Tier 1 - Prime Location,All India,100.0,96.0,98.0,98.0
24.606,72.4056,6.16,6.164,2249.9,6.768,22.3,98.2,Tier 1 - Prime Location,All India,99.0,96.3,98.0,98.0
24.606,72.7556,6.19,6.189,2259.0,6.602,23.9,98.4,Tier 1 - Prime Location,All India,99.7,95.5,98.0,98.0
24.606,73.1056,6.22,6.216,2269.0,6.722,23.7,98.5,Tier 1 - Prime Location,All India,100.0,95.7,98.0,98.0
24.606,73.4556,6.1,6.098,2225.8,6.485,24.1,97.3,Tier 1 - Prime Location,All India,97.2,95.5,98.0,98.0
24.606,73.8056,6.08,6.081,2219.5,6.557,23.2,97.1,Tier 1 - Prime Location,All India,96.8,95.9,98.0,98.0
24.606,74.1556,6.15,6.148,2243.9,6.557,23.5,97.9,Tier 1 - Prime Location,All India,98.6,95.8,98.0,98.0
24.606,74.5056,6.17,6.174,2253.6,6.616,22.9,98.3,Tier 1 - Prime Location,All India,99.3,96.0,98.0,98.0
24.606,74.8556,6.19,6.186,2257.9,6.738,22.9,98.4,Tier 1 - Prime Location,All India,99.6,96.0,98.0,98.0
24.606,75.2056,6.1,6.105,2228.2,6.544,22.7,97.5,Tier 1 - Prime Location,All India,97.4,96.2,98.0,98.0
24.606,75.5556,5.96,5.957,2174.3,6.425,22.2,95.7,Tier 1 - Prime Location,All India,93.4,96.4,98.0,98.0
24.606,75.9056,5.94,5.941,2168.5,6.492,23.4,95.4,Tier 1 - Prime Location,All India,93.0,95.8,98.0,98.0
24.606,76.2556,5.17,5.171,1887.3,5.692,22.8,78.9,Tier 2 - Highly Suitable,All India,72.2,96.1,85.0,75.0
24.606,76.6056,5.01,5.006,1827.3,5.352,23.0,76.9,Tier 2 - Highly Suitable,All India,67.7,96.0,85.0,75.0
24.606,76.9556,5.0,4.997,1823.9,5.452,23.3,76.7,Tier 2 - Highly Suitable,All India,67.5,95.8,85.0,75.0
24.606,77.3056,5.19,5.192,1895.2,5.508,24.1,79.1,Tier 2 - Highly Suitable,All India,72.8,95.5,85.0,75.0
24.606,77.6556,5.14,5.144,1877.5,5.528,23.3,78.5,Tier 2 - Highly Suitable,All India,71.5,95.8,85.0,75.0
24.606,78.0056,5.14,5.14,1876.1,5.491,23.1,78.5,Tier 2 - Highly Suitable,All India,71.4,96.0,85.0,75.0
24.606,78.3556,5.06,5.055,1845.2,5.591,22.9,77.5,Tier 2 - Highly Suitable,All India,69.1,96.0,85.0,75.0
24.606,78.7056,5.06,5.059,1846.6,5.591,23.7,77.5,Tier 2 - Highly Suitable,All India,69.2,95.7,85.0,75.0
24.606,79.0556,5.16,5.164,1884.8,5.552,22.8,78.8,Tier 2 - Highly Suitable,All India,72.0,96.1,85.0,75.0
24.606,79.4056,5.17,5.166,1885.5,5.554,23.6,78.8,Tier 2 - Highly Suitable,All India,72.1,95.7,85.0,75.0
24.606,79.7556,5.03,5.028,1835.2,5.426,22.6,77.2,Tier 2 - Highly Suitable,All India,68.3,96.2,85.0,75.0
24.606,80.1056,5.18,5.177,1889.4,5.731,22.5,79.0,Tier 2 - Highly Suitable,All India,72.4,96.2,85.0,75.0
24.606,80.4556,5.04,5.038,1838.7,5.531,23.5,77.2,Tier 2 - Highly Suitable,All India,68.6,95.8,85.0,75.0
24.606,80.8056,5.15,5.154,1881.2,5.467,22.7,78.7,Tier 2 - Highly Suitable,All India,71.7,96.2,85.0,75.0
24.606,81.1556,5.02,5.019,1831.9,5.565,22.8,77.1,Tier 2 - Highly Suitable,All India,68.1,96.1,85.0,75.0
24.606,81.5056,5.18,5.18,1890.7,5.651,23.5,79.0,Tier 2 - Highly Suitable,All India,72.4,95.8,85.0,75.0
24.606,81.8556,5.17,5.174,1888.5,5.613,23.6,78.9,Tier 2 - Highly Suitable,All India,72.3,95.7,85.0,75.0
24.606,82.2056,5.16,5.162,1884.0,5.481,23.5,78.7,Tier 2 - Highly Suitable,All India,71.9,95.8,85.0,75.0
24.606,82.5556,5.18,5.182,1891.5,5.613,22.3,79.1,Tier 2 - Highly Suitable,All India,72.5,96.3,85.0,75.0
24.606,82.9056,5.16,5.16,1883.3,5.687,22.4,78.8,Tier 2 - Highly Suitable,All India,71.9,96.3,85.0,75.0
24.606,83.2556,5.08,5.084,1855.7,5.591,22.5,77.9,Tier 2 - Highly Suitable,All India,69.8,96.2,85.0,75.0
24.606,83.6056,5.19,5.189,1893.9,5.55,23.9,79.0,Tier 2 - Highly Suitable,All India,72.7,95.5,85.0,75.0
24.606,83.9556,5.17,5.174,1888.4,5.635,22.4,79.0,Tier 2 - Highly Suitable,All India,72.3,96.3,85.0,75.0
24.606,84.3056,5.08,5.084,1855.6,5.514,23.1,77.8,Tier 2 - Highly Suitable,All India,69.8,96.0,85.0,75.0
24.606,84.6556,5.02,5.017,1831.4,5.334,24.2,76.9,Tier 2 - Highly Suitable,All India,68.0,95.4,85.0,75.0
24.606,85.0056,5.16,5.158,1882.5,5.469,23.6,78.7,Tier 2 - Highly Suitable,All India,71.8,95.7,85.0,75.0
24.606,85.3556,5.19,5.189,1894.0,5.668,23.6,79.1,Tier 2 - Highly Suitable,All India,72.7,95.7,85.0,75.0
24.606,85.7056,5.18,5.18,1890.6,5.526,23.8,78.9,Tier 2 - Highly Suitable,All India,72.4,95.6,85.0,75.0
24.606,86.0556,5.1,5.099,1861.0,5.625,23.5,78.0,Tier 2 - Highly Suitable,All India,70.2,95.8,85.0,75.0
24.606,86.4056,5.1,5.099,1861.0,5.467,22.5,78.0,Tier 2 - Highly Suitable,All India,70.2,96.2,85.0,75.0
24.606,86.7556,5.17,5.168,1886.5,5.468,22.3,78.9,Tier 2 - Highly Suitable,All India,72.1,96.3,85.0,75.0
24.606,87.1056,5.18,5.179,1890.4,5.613,23.4,79.0,Tier 2 - Highly Suitable,All India,72.4,95.8,85.0,75.0
24.606,87.4556,5.15,5.146,1878.2,5.678,22.3,78.6,Tier 2 - Highly Suitable,All India,71.5,96.3,85.0,75.0
24.606,87.8056,5.03,5.028,1835.2,5.365,23.4,77.1,Tier 2 - Highly Suitable,All India,68.3,95.8,85.0,75.0
24.606,92.3556,4.34,4.341,1584.6,4.789,23.1,63.8,Tier 3 - Moderately Suitable,All India,49.8,96.0,85.0,50.0
24.606,92.7056,4.42,4.424,1614.9,4.857,22.3,64.9,Tier 3 - Moderately Suitable,All India,52.0,96.3,85.0,50.0
24.606,93.0556,4.41,4.412,1610.4,4.846,24.1,64.6,Tier 3 - Moderately Suitable,All India,51.7,95.5,85.0,50.0
24.606,93.4056,4.32,4.324,1578.3,4.607,22.5,63.6,Tier 3 - Moderately Suitable,All India,49.3,96.2,85.0,50.0
24.606,93.7556,4.43,4.432,1617.5,4.817,22.2,65.0,Tier 3 - Moderately Suitable,All India,52.2,96.4,85.0,50.0
24.606,94.1056,4.41,4.409,1609.4,4.82,23.7,64.6,Tier 3 - Moderately Suitable,All India,51.6,95.7,85.0,50.0
24.606,94.4556,4.35,4.348,1586.9,4.684,23.0,63.9,Tier 3 - Moderately Suitable,All India,49.9,96.0,85.0,50.0
24.956,71.0056,6.33,6.326,2309.0,6.884,23.9,98.5,Tier 1 - Prime Location,All India,100.0,95.5,98.0,98.0
24.956,71.3556,6.24,6.244,2279.1,6.756,23.4,98.6,Tier 1 - Prime Location,All India,100.0,95.8,98.0,98.0
24.956,71.7056,6.3,6.296,2297.9,6.913,23.2,98.6,Tier 1 - Prime Location,All India,100.0,95.9,98.0,98.0
24.956,72.0556,6.22,6.218,2269.7,6.778,23.0,98.6,Tier 1 - Prime Location,All India,100.0,96.0,98.0,98.0
24.956,72.4056,6.14,6.136,2239.8,6.737,23.7,97.8,Tier 1 - Prime Location,All India,98.3,95.7,98.0,98.0
24.956,72.7556,6.2,6.196,2261.7,6.797,24.0,98.5,Tier 1 - Prime Location,All India,99.9,95.5,98.0,98.0
24.956,73.1056,6.14,6.143,2242.3,6.486,22.9,97.9,Tier 1 - Prime Location,All India,98.5,96.0,98.0,98.0
24.956,73.4556,6.16,6.162,2249.3,6.735,23.7,98.1,Tier 1 - Prime Location,All India,99.0,95.7,98.0,98.0
24.956,73.8056,6.12,6.115,2232.1,6.71,22.8,97.6,Tier 1 - Prime Location,All India,97.7,96.1,98.0,98.0
24.956,74.1556,6.18,6.179,2255.4,6.554,22.7,98.4,Tier 1 - Prime Location,All India,99.4,96.2,98.0,98.0
24.956,74.5056,6.1,6.101,2226.7,6.507,23.5,97.4,Tier 1 - Prime Location,All India,97.3,95.8,98.0,98.0
24.956,74.8556,6.12,6.124,2235.1,6.615,23.7,97.6,Tier 1 - Prime Location,All India,97.9,95.7,98.0,98.0
24.956,75.2056,6.12,6.119,2233.4,6.679,22.8,97.6,Tier 1 - Prime Location,All India,97.8,96.1,98.0,98.0
24.956,75.5556,6.12,6.122,2234.4,6.75,23.9,97.6,Tier 1 - Prime Location,All India,97.9,95.5,98.0,98.0
24.956,75.9056,6.06,6.065,2213.7,6.43,23.2,96.9,Tier 1 - Prime Location,All India,96.4,95.9,98.0,98.0
24.956,76.2556,5.0,4.997,1824.0,5.364,22.1,76.8,Tier 2 - Highly Suitable,All India,67.5,96.5,85.0,75.0
24.956,76.6056,5.08,5.084,1855.6,5.384,22.5,77.9,Tier 2 - Highly Suitable,All India,69.8,96.2,85.0,75.0
24.956,76.9556,5.12,5.115,1867.1,5.624,24.0,78.1,Tier 2 - Highly Suitable,All India,70.7,95.5,85.0,75.0
24.956,77.3056,5.01,5.014,1830.1,5.488,22.1,77.0,Tier 2 - Highly Suitable,All India,67.9,96.5,85.0,75.0
24.956,77.6556,5.09,5.094,1859.2,5.57,22.3,78.0,Tier 2 - Highly Suitable,All India,70.1,96.3,85.0,75.0
24.956,78.0056,5.0,5.001,1825.2,5.31,22.5,76.9,Tier 2 - Highly Suitable,All India,67.6,96.2,85.0,75.0
24.956,78.3556,5.0,4.995,1823.2,5.394,24.0,76.7,Tier 2 - Highly Suitable,All India,67.4,95.5,85.0,75.0
24.956,78.7056,5.14,5.139,1875.9,5.627,22.9,78.5,Tier 2 - Highly Suitable,All India,71.3,96.0,85.0,75.0
24.956,79.0556,5.04,5.037,1838.5,5.376,22.7,77.3,Tier 2 - Highly Suitable,All India,68.6,96.2,85.0,75.0
24.956,79.4056,5.15,5.154,1881.1,5.433,22.0,78.8,Tier 2 - Highly Suitable,All India,71.7,96.5,85.0,75.0
24.956,79.7556,5.0,5.002,1825.9,5.347,22.4,76.9,Tier 2 - Highly Suitable,All India,67.6,96.3,85.0,75.0
24.956,80.1056,5.0,5.0,1825.1,5.494,23.5,76.8,Tier 2 - Highly Suitable,All India,67.6,95.8,85.0,75.0
24.956,80.4556,5.09,5.094,1859.5,5.421,22.3,78.0,Tier 2 - Highly Suitable,All India,70.1,96.3,85.0,75.0
24.956,80.8056,5.0,4.997,1824.0,5.482,23.5,76.7,Tier 2 - Highly Suitable,All India,67.5,95.8,85.0,75.0
24.956,81.1556,5.13,5.127,1871.5,5.679,22.1,78.4,Tier 2 - Highly Suitable,All India,71.0,96.5,85.0,75.0
24.956,81.5056,5.16,5.159,1883.2,5.705,22.8,78.8,Tier 2 - Highly Suitable,All India,71.9,96.1,85.0,75.0
24.956,81.8556,5.07,5.069,1850.0,5.533,23.6,77.6,Tier 2 - Highly Suitable,All India,69.4,95.7,85.0,75.0
24.956,82.2056,5.1,5.103,1862.7,5.468,23.0,78.1,Tier 2 - Highly Suitable,All India,70.4,96.0,85.0,75.0
24.956,82.5556,5.02,5.017,1831.2,5.305,23.6,77.0,Tier 2 - Highly Suitable,All India,68.0,95.7,85.0,75.0
24.956,82.9056,5.04,5.039,1839.3,5.426,23.8,77.2,Tier 2 - Highly Suitable,All India,68.6,95.6,85.0,75.0
24.956,83.2556,4.99,4.988,1820.4,5.488,22.5,76.7,Tier 2 - Highly Suitable,All India,67.2,96.2,85.0,75.0
24.956,83.6056,4.99,4.988,1820.4,5.341,23.2,76.6,Tier 2 - Highly Suitable,All India,67.2,95.9,85.0,75.0
24.956,83.9556,5.03,5.035,1837.6,5.558,22.4,77.3,Tier 2 - Highly Suitable,All India,68.5,96.3,85.0,75.0
24.956,84.3056,5.09,5.092,1858.5,5.474,23.6,77.9,Tier 2 - Highly Suitable,All India,70.1,95.7,85.0,75.0
24.956,84.6556,5.02,5.023,1833.4,5.379,22.3,77.1,Tier 2 - Highly Suitable,All India,68.2,96.3,85.0,75.0
24.956,85.0056,5.06,5.063,1847.9,5.607,22.2,77.6,Tier 2 - Highly Suitable,All India,69.3,96.4,85.0,75.0
24.956,85.3556,5.16,5.155,1881.7,5.589,22.2,78.8,Tier 2 - Highly Suitable,All India,71.8,96.4,85.0,75.0
24.956,85.7056,5.02,5.017,1831.4,5.397,23.2,77.0,Tier 2 - Highly Suitable,All India,68.0,95.9,85.0,75.0
24.956,86.0556,5.17,5.169,1886.7,5.724,22.0,78.9,Tier 2 - Highly Suitable,All India,72.1,96.5,85.0,75.0
24.956,86.4056,5.08,5.082,1855.0,5.347,23.8,77.7,Tier 2 - Highly Suitable,All India,69.8,95.6,85.0,75.0
24.956,86.7556,5.13,5.133,1873.5,5.425,24.0,78.3,Tier 2 - Highly Suitable,All India,71.2,95.5,85.0,75.0
24.956,87.1056,5.01,5.013,1829.9,5.386,22.2,77.0,Tier 2 - Highly Suitable,All India,67.9,96.4,85.0,75.0
24.956,87.4556,5.11,5.109,1864.8,5.572,23.0,78.1,Tier 2 - Highly Suitable,All India,70.5,96.0,85.0,75.0
24.956,87.8056,5.07,5.069,1850.0,5.426,22.6,77.7,Tier 2 - Highly Suitable,All India,69.4,96.2,85.0,75.0
24.956,88.1556,4.47,4.465,1629.8,4.899,22.2,70.4,Tier 2 - Highly Suitable,All India,53.1,96.4,85.0,75.0
24.956,92.7056,4.37,4.374,1596.6,4.775,23.4,64.2,Tier 3 - Moderately Suitable,All India,50.6,95.8,85.0,50.0
24.956,93.0556,4.34,4.341,1584.5,4.782,22.0,63.9,Tier 3 - Moderately Suitable,All India,49.8,96.5,85.0,50.0
24.956,93.4056,4.39,4.391,1602.8,4.719,22.9,64.4,Tier 3 - Moderately Suitable,All India,51.1,96.0,85.0,50.0
24.956,93.7556,4.46,4.461,1628.2,4.899,22.4,65.3,Tier 3 - Moderately Suitable,All India,53.0,96.3,85.0,50.0
24.956,94.1056,4.47,4.472,1632.4,4.905,22.5,65.4,Tier 3 - Moderately Suitable,All India,53.3,96.2,85.0,50.0
24.956,94.4556,4.41,4.41,1609.6,4.788,23.0,64.6,Tier 3 - Moderately Suitable,All India,51.6,96.0,85.0,50.0
25.306,71.0056,6.29,6.293,2297.0,6.718,23.1,98.6,Tier 1 - Prime Location,All India,100.0,96.0,98.0,98.0
25.306,71.3556,6.18,6.179,2255.2,6.755,23.6,98.3,Tier 1 - Prime Location,All India,99.4,95.7,98.0,98.0
25.306,71.7056,6.35,6.348,2316.9,6.936,23.8,98.5,Tier 1 - Prime Location,All India,100.0,95.6,98.0,98.0
25.306,72.0556,6.2,6.195,2261.2,6.689,22.5,98.6,Tier 1 - Prime Location,All India,99.9,96.2,98.0,98.0
25.306,72.4056,6.23,6.23,2273.8,6.805,23.8,98.5,Tier 1 - Prime Location,All India,100.0,95.6,98.0,98.0
25.306,72.7556,6.17,6.168,2251.4,6.688,23.2,98.2,Tier 1 - Prime Location,All India,99.1,95.9,98.0,98.0
25.306,73.1056,6.16,6.155,2246.7,6.631,23.0,98.1,Tier 1 - Prime Location,All India,98.8,96.0,98.0,98.0
25.306,73.4556,6.16,6.156,2247.0,6.769,22.3,98.1,Tier 1 - Prime Location,All India,98.8,96.3,98.0,98.0
25.306,73.8056,6.12,6.117,2232.8,6.504,23.1,97.6,Tier 1 - Prime Location,All India,97.8,96.0,98.0,98.0
25.306,74.1556,6.04,6.043,2205.7,6.44,23.6,96.6,Tier 1 - Prime Location,All India,95.8,95.7,98.0,98.0
25.306,74.5056,6.07,6.067,2214.6,6.562,22.1,97.0,Tier 1 - Prime Location,All India,96.4,96.5,98.0,98.0
25.306,74.8556,6.07,6.073,2216.8,6.675,23.5,97.0,Tier 1 - Prime Location,All India,96.6,95.8,98.0,98.0
25.306,75.2056,6.05,6.052,2208.9,6.546,23.1,96.8,Tier 1 - Prime Location,All India,96.0,96.0,98.0,98.0
25.306,75.5556,5.94,5.939,2167.6,6.424,22.9,95.4,Tier 1 - Prime Location,All India,92.9,96.0,98.0,98.0
25.306,75.9056,6.06,6.064,2213.4,6.413,23.3,96.9,Tier 1 - Prime Location,All India,96.3,95.8,98.0,98.0
25.306,76.2556,5.0,5.002,1825.8,5.296,22.7,76.9,Tier 2 - Highly Suitable,All India,67.6,96.2,85.0,75.0
25.306,76.6056,5.1,5.102,1862.1,5.523,23.8,78.0,Tier 2 - Highly Suitable,All India,70.3,95.6,85.0,75.0
25.306,76.9556,5.13,5.131,1872.7,5.497,22.5,78.4,Tier 2 - Highly Suitable,All India,71.1,96.2,85.0,75.0
25.306,77.3056,5.04,5.042,1840.4,5.395,23.8,77.3,Tier 2 - Highly Suitable,All India,68.7,95.6,85.0,75.0
25.306,77.6556,5.02,5.024,1833.7,5.448,23.5,77.1,Tier 2 - Highly Suitable,All India,68.2,95.8,85.0,75.0
25.306,78.0056,4.98,4.984,1819.0,5.461,22.3,76.7,Tier 2 - Highly Suitable,All India,67.1,96.3,85.0,75.0
25.306,78.3556,5.16,5.157,1882.5,5.538,22.0,78.8,Tier 2 - Highly Suitable,All India,71.8,96.5,85.0,75.0
25.306,78.7056,5.1,5.102,1862.4,5.629,22.2,78.1,Tier 2 - Highly Suitable,All India,70.3,96.4,85.0,75.0
25.306,79.0556,5.14,5.143,1877.3,5.582,22.3,78.6,Tier 2 - Highly Suitable,All India,71.4,96.3,85.0,75.0
25.306,79.4056,5.14,5.135,1874.3,5.641,23.6,78.4,Tier 2 - Highly Suitable,All India,71.2,95.7,85.0,75.0
25.306,79.7556,5.1,5.104,1862.9,5.621,23.0,78.1,Tier 2 - Highly Suitable,All India,70.4,96.0,85.0,75.0
25.306,80.1056,5.15,5.146,1878.1,5.534,21.9,78.7,Tier 2 - Highly Suitable,All India,71.5,96.5,85.0,75.0
25.306,80.4556,5.14,5.138,1875.3,5.494,23.8,78.4,Tier 2 - Highly Suitable,All India,71.3,95.6,85.0,75.0
25.306,80.8056,5.15,5.152,1880.5,5.509,23.7,78.6,Tier 2 - Highly Suitable,All India,71.7,95.7,85.0,75.0
25.306,81.1556,5.07,5.072,1851.3,5.592,22.0,77.8,Tier 2 - Highly Suitable,All India,69.5,96.5,85.0,75.0
25.306,81.5056,5.09,5.093,1859.1,5.461,23.8,77.9,Tier 2 - Highly Suitable,All India,70.1,95.6,85.0,75.0
25.306,81.8556,5.12,5.123,1869.8,5.646,23.8,78.2,Tier 2 - Highly Suitable,All India,70.9,95.6,85.0,75.0
25.306,82.2056,5.1,5.104,1863.0,5.568,22.5,78.1,Tier 2 - Highly Suitable,All India,70.4,96.2,85.0,75.0
25.306,82.5556,5.17,5.166,1885.4,5.721,22.4,78.9,Tier 2 - Highly Suitable,All India,72.1,96.3,85.0,75.0
25.306,82.9056,5.08,5.081,1854.5,5.616,23.5,77.8,Tier 2 - Highly Suitable,All India,69.8,95.8,85.0,75.0
25.306,83.2556,5.01,5.006,1827.2,5.347,22.4,76.9,Tier 2 - Highly Suitable,All India,67.7,96.3,85.0,75.0
25.306,83.6056,4.98,4.977,1816.7,5.268,23.7,76.5,Tier 2 - Highly Suitable,All India,66.9,95.7,85.0,75.0
25.306,83.9556,4.99,4.995,1823.1,5.291,22.5,76.8,Tier 2 - Highly Suitable,All India,67.4,96.2,85.0,75.0
25.306,84.3056,4.99,4.991,1821.7,5.352,22.8,76.7,Tier 2 - Highly Suitable,All India,67.3,96.1,85.0,75.0
25.306,84.6556,5.01,5.011,1829.0,5.518,23.6,76.9,Tier 2 - Highly Suitable,All India,67.9,95.7,85.0,75.0
25.306,85.0056,5.14,5.137,1874.9,5.573,22.1,78.5,Tier 2 - Highly Suitable,All India,71.3,96.5,85.0,75.0
25.306,85.3556,4.97,4.968,1813.4,5.221,22.5,76.5,Tier 2 - Highly Suitable,All India,66.7,96.2,85.0,75.0
25.306,85.7056,5.16,5.161,1883.6,5.48,22.9,78.8,Tier 2 - Highly Suitable,All India,71.9,96.0,85.0,75.0
25.306,86.0556,4.98,4.977,1816.6,5.355,23.6,76.5,Tier 2 - Highly Suitable,All India,66.9,95.7,85.0,75.0
25.306,86.4056,5.16,5.16,1883.5,5.707,22.2,78.8,Tier 2 - Highly Suitable,All India,71.9,96.4,85.0,75.0
25.306,86.7556,5.0,5.003,1826.1,5.411,21.9,76.9,Tier 2 - Highly Suitable,All India,67.6,96.5,85.0,75.0
25.306,87.1056,5.15,5.146,1878.4,5.494,23.7,78.5,Tier 2 - Highly Suitable,All India,71.5,95.7,85.0,75.0
25.306,87.4556,5.16,5.164,1884.8,5.565,23.5,78.8,Tier 2 - Highly Suitable,All India,72.0,95.8,85.0,75.0
25.306,87.8056,5.12,5.121,1869.2,5.513,22.8,78.3,Tier 2 - Highly Suitable,All India,70.8,96.1,85.0,75.0
25.306,88.1556,4.43,4.43,1616.9,4.77,23.3,69.9,Tier 3 - Moderately Suitable,All India,52.2,95.8,85.0,75.0
25.306,88.5056,4.42,4.415,1611.6,4.735,22.2,69.8,Tier 3 - Moderately Suitable,All India,51.8,96.4,85.0,75.0
25.306,88.8556,4.33,4.334,1581.9,4.75,23.7,68.7,Tier 3 - Moderately Suitable,All India,49.6,95.7,85.0,75.0
25.306,90.2556,4.42,4.419,1612.8,4.66,22.0,64.8,Tier 3 - Moderately Suitable,All India,51.9,96.5,85.0,50.0
25.306,90.6056,4.45,4.45,1624.4,4.745,23.5,65.1,Tier 3 - Moderately Suitable,All India,52.7,95.8,85.0,50.0
25.306,90.9556,4.32,4.324,1578.4,4.74,23.7,63.5,Tier 3 - Moderately Suitable,All India,49.3,95.7,85.0,50.0
25.306,91.3056,4.41,4.408,1608.9,4.729,22.0,64.7,Tier 3 - Moderately Suitable,All India,51.6,96.5,85.0,50.0
25.306,91.6556,4.29,4.289,1565.4,4.774,23.2,63.1,Tier 3 - Moderately Suitable,All India,48.4,95.9,85.0,50.0
25.306,92.0056,4.4,4.403,1607.0,4.753,23.8,64.5,Tier 3 - Moderately Suitable,All India,51.4,95.6,85.0,50.0
25.306,92.3556,4.32,4.316,1575.5,4.564,22.3,63.5,Tier 3 - Moderately Suitable,All India,49.1,96.3,85.0,50.0
25.306,92.7056,4.43,4.429,1616.7,4.783,23.5,64.8,Tier 3 - Moderately Suitable,All India,52.1,95.8,85.0,50.0
25.306,93.0556,4.29,4.289,1565.6,4.709,23.2,63.1,Tier 3 - Moderately Suitable,All India,48.4,95.9,85.0,50.0
25.306,93.4056,4.34,4.342,1585.0,4.766,22.1,63.9,Tier 3 - Moderately Suitable,All India,49.8,96.5,85.0,50.0
25.306,93.7556,4.39,4.394,1604.0,4.891,23.8,64.4,Tier 3 - Moderately Suitable,All India,51.2,95.6,85.0,50.0
25.306,94.1056,4.34,4.343,1585.3,4.773,22.8,63.8,Tier 3 - Moderately Suitable,All India,49.8,96.1,85.0,50.0
25.306,94.4556,4.45,4.45,1624.3,4.675,23.2,65.1,Tier 3 - Moderately Suitable,All India,52.7,95.9,85.0,50.0
25.656,71.0056,6.21,6.209,2266.2,6.707,21.8,98.7,Tier 1 - Prime Location,All India,100.0,96.6,98.0,98.0
25.656,71.3556,6.22,6.225,2272.1,6.671,22.6,98.6,Tier 1 - Prime Location,All India,100.0,96.2,98.0,98.0
25.656,71.7056,6.25,6.252,2282.2,6.643,23.3,98.6,Tier 1 - Prime Location,All India,100.0,95.8,98.0,98.0
25.656,72.0556,6.16,6.158,2247.8,6.758,21.8,98.2,Tier 1 - Prime Location,All India,98.9,96.6,98.0,98.0
25.656,72.4056,6.22,6.216,2268.9,6.667,22.3,98.7,Tier 1 - Prime Location,All India,100.0,96.3,98.0,98.0
25.656,72.7556,6.15,6.148,2244.0,6.653,23.5,97.9,Tier 1 - Prime Location,All India,98.6,95.8,98.0,98.0
25.656,73.1056,6.11,6.11,2230.3,6.686,21.8,97.6,Tier 1 - Prime Location,All India,97.6,96.6,98.0,98.0
25.656,73.4556,6.17,6.167,2251.1,6.52,21.8,98.3,Tier 1 - Prime Location,All India,99.1,96.6,98.0,98.0
25.656,73.8056,6.08,6.08,2219.3,6.518,23.3,97.1,Tier 1 - Prime Location,All India,96.8,95.8,98.0,98.0
25.656,74.1556,6.13,6.135,2239.2,6.754,23.3,97.8,Tier 1 - Prime Location,All India,98.2,95.8,98.0,98.0
25.656,74.5056,6.13,6.132,2238.0,6.719,22.8,97.8,Tier 1 - Prime Location,All India,98.2,96.1,98.0,98.0
25.656,74.8556,6.13,6.129,2237.0,6.49,21.9,97.8,Tier 1 - Prime Location,All India,98.1,96.5,98.0,98.0
25.656,75.2056,6.1,6.095,2224.8,6.583,22.7,97.3,Tier 1 - Prime Location,All India,97.2,96.2,98.0,98.0
25.656,75.5556,6.0,6.0,2189.9,6.41,23.2,96.2,Tier 1 - Prime Location,All India,94.6,95.9,98.0,98.0
25.656,75.9056,6.08,6.082,2220.0,6.57,21.7,97.3,Tier 1 - Prime Location,All India,96.8,96.7,98.0,98.0
25.656,76.2556,4.97,4.966,1812.7,5.225,21.9,76.5,Tier 2 - Highly Suitable,All India,66.6,96.5,85.0,75.0
25.656,76.6056,5.03,5.026,1834.4,5.485,22.6,77.2,Tier 2 - Highly Suitable,All India,68.3,96.2,85.0,75.0
25.656,76.9556,4.97,4.965,1812.3,5.405,23.2,76.4,Tier 2 - Highly Suitable,All India,66.6,95.9,85.0,75.0
25.656,77.3056,5.1,5.105,1863.3,5.378,23.4,78.1,Tier 2 - Highly Suitable,All India,70.4,95.8,85.0,75.0
25.656,77.6556,5.09,5.087,1856.6,5.366,23.2,77.8,Tier 2 - Highly Suitable,All India,69.9,95.9,85.0,75.0
25.656,78.0056,5.02,5.02,1832.4,5.329,23.5,77.0,Tier 2 - Highly Suitable,All India,68.1,95.8,85.0,75.0
25.656,78.3556,5.01,5.005,1826.9,5.292,22.3,76.9,Tier 2 - Highly Suitable,All India,67.7,96.3,85.0,75.0
25.656,78.7056,4.98,4.978,1817.0,5.288,23.2,76.5,Tier 2 - Highly Suitable,All India,67.0,95.9,85.0,75.0
25.656,79.0556,5.15,5.147,1878.5,5.445,22.7,78.6,Tier 2 - Highly Suitable,All India,71.5,96.2,85.0,75.0
25.656,79.4056,5.06,5.059,1846.4,5.399,23.3,77.5,Tier 2 - Highly Suitable,All India,69.2,95.8,85.0,75.0
25.656,79.7556,4.96,4.962,1811.2,5.299,22.5,76.4,Tier 2 - Highly Suitable,All India,66.5,96.2,85.0,75.0
25.656,80.1056,5.02,5.015,1830.6,5.297,22.2,77.0,Tier 2 - Highly Suitable,All India,68.0,96.4,85.0,75.0
25.656,80.4556,5.09,5.086,1856.3,5.606,22.0,77.9,Tier 2 - Highly Suitable,All India,69.9,96.5,85.0,75.0
25.656,80.8056,4.99,4.991,1821.8,5.515,22.9,76.7,Tier 2 - Highly Suitable,All India,67.3,96.0,85.0,75.0
25.656,81.1556,5.14,5.138,1875.4,5.478,22.9,78.5,Tier 2 - Highly Suitable,All India,71.3,96.0,85.0,75.0
25.656,81.5056,5.11,5.111,1865.5,5.396,21.9,78.2,Tier 2 - Highly Suitable,All India,70.6,96.5,85.0,75.0
25.656,81.8556,5.14,5.139,1875.8,5.433,21.9,78.6,Tier 2 - Highly Suitable,All India,71.3,96.5,85.0,75.0
25.656,82.2056,5.12,5.12,1868.9,5.599,23.1,78.3,Tier 2 - Highly Suitable,All India,70.8,96.0,85.0,75.0
25.656,82.5556,5.1,5.099,1861.0,5.571,22.8,78.0,Tier 2 - Highly Suitable,All India,70.2,96.1,85.0,75.0
25.656,82.9056,4.99,4.986,1819.9,5.497,22.2,76.7,Tier 2 - Highly Suitable,All India,67.2,96.4,85.0,75.0
25.656,83.2556,5.08,5.08,1854.3,5.484,22.1,77.8,Tier 2 - Highly Suitable,All India,69.7,96.5,85.0,75.0
25.656,83.6056,5.15,5.149,1879.3,5.632,23.1,78.6,Tier 2 - Highly Suitable,All India,71.6,96.0,85.0,75.0
25.656,83.9556,5.15,5.147,1878.7,5.437,23.3,78.6,Tier 2 - Highly Suitable,All India,71.5,95.8,85.0,75.0
25.656,84.3056,5.01,5.007,1827.6,5.514,23.0,76.9,Tier 2 - Highly Suitable,All India,67.8,96.0,85.0,75.0
25.656,84.6556,5.09,5.089,1857.6,5.619,22.0,78.0,Tier 2 - Highly Suitable,All India,70.0,96.5,85.0,75.0
25.656,85.0056,5.08,5.084,1855.6,5.537,21.8,77.9,Tier 2 - Highly Suitable,All India,69.8,96.6,85.0,75.0
25.656,85.3556,5.13,5.125,1870.8,5.682,22.0,78.4,Tier 2 - Highly Suitable,All India,70.9,96.5,85.0,75.0
25.656,85.7056,5.11,5.106,1863.7,5.593,23.3,78.1,Tier 2 - Highly Suitable,All India,70.4,95.8,85.0,75.0
25.656,86.0556,5.0,4.997,1823.9,5.346,22.1,76.8,Tier 2 - Highly Suitable,All India,67.5,96.5,85.0,75.0
25.656,86.4056,5.09,5.091,1858.3,5.608,23.1,77.9,Tier 2 - Highly Suitable,All India,70.0,96.0,85.0,75.0
25.656,86.7556,5.13,5.133,1873.7,5.514,23.2,78.4,Tier 2 - Highly Suitable,All India,71.2,95.9,85.0,75.0
25.656,87.1056,5.14,5.141,1876.5,5.647,22.0,78.6,Tier 2 - Highly Suitable,All India,71.4,96.5,85.0,75.0
25.656,87.4556,4.97,4.974,1815.7,5.45,22.4,76.5,Tier 2 - Highly Suitable,All India,66.9,96.3,85.0,75.0
25.656,87.8056,5.0,5.002,1825.9,5.39,22.2,76.9,Tier 2 - Highly Suitable,All India,67.6,96.4,85.0,75.0
25.656,88.1556,4.26,4.255,1553.1,4.543,23.5,67.7,Tier 3 - Moderately Suitable,All India,47.4,95.8,85.0,75.0
25.656,89.9056,4.43,4.435,1618.7,4.78,22.4,65.0,Tier 3 - Moderately Suitable,All India,52.3,96.3,85.0,50.0
25.656,90.2556,4.39,4.392,1602.9,4.678,22.4,64.5,Tier 3 - Moderately Suitable,All India,51.1,96.3,85.0,50.0
25.656,90.6056,4.4,4.4,1606.1,4.851,23.4,64.5,Tier 3 - Moderately Suitable,All India,51.4,95.8,85.0,50.0
25.656,90.9556,4.33,4.328,1579.8,4.541,23.5,63.6,Tier 3 - Moderately Suitable,All India,49.4,95.8,85.0,50.0
25.656,91.3056,4.36,4.361,1591.7,4.704,23.2,64.0,Tier 3 - Moderately Suitable,All India,50.3,95.9,85.0,50.0
25.656,91.6556,4.36,4.364,1593.0,4.824,23.1,64.1,Tier 3 - Moderately Suitable,All India,50.4,96.0,85.0,50.0
25.656,92.0056,4.41,4.414,1611.2,4.714,22.1,64.7,Tier 3 - Moderately Suitable,All India,51.7,96.5,85.0,50.0
25.656,92.3556,4.26,4.262,1555.8,4.612,22.8,62.8,Tier 3 - Moderately Suitable,All India,47.6,96.1,85.0,50.0
25.656,92.7056,4.44,4.435,1619.0,4.938,22.5,65.0,Tier 3 - Moderately Suitable,All India,52.3,96.2,85.0,50.0
25.656,93.0556,4.39,4.39,1602.5,4.874,22.4,64.4,Tier 3 - Moderately Suitable,All India,51.1,96.3,85.0,50.0
25.656,93.4056,4.26,4.261,1555.3,4.627,21.8,62.9,Tier 3 - Moderately Suitable,All India,47.6,96.6,85.0,50.0
25.656,93.7556,4.35,4.347,1586.5,4.72,23.0,63.9,Tier 3 - Moderately Suitable,All India,49.9,96.0,85.0,50.0
25.656,94.1056,4.28,4.28,1562.2,4.649,22.2,63.1,Tier 3 - Moderately Suitable,All India,48.1,96.4,85.0,50.0
25.656,94.4556,4.35,4.35,1587.7,4.739,22.8,63.9,Tier 3 - Moderately Suitable,All India,50.0,96.1,85.0,50.0
25.656,94.8056,4.41,4.413,1610.7,4.89,23.6,64.6,Tier 3 - Moderately Suitable,All India,51.7,95.7,85.0,50.0
26.006,70.3056,6.1,6.099,2226.1,6.66,22.1,97.4,Tier 1 - Prime Location,All India,97.3,96.5,98.0,98.0
26.006,70.6556,6.11,6.105,2228.4,6.629,21.8,97.5,Tier 1 - Prime Location,All India,97.4,96.6,98.0,98.0
26.006,71.0056,6.3,6.301,2299.8,6.687,22.6,98.6,Tier 1 - Prime Location,All India,100.0,96.2,98.0,98.0
26.006,71.3556,6.32,6.321,2307.3,6.704,23.2,98.6,Tier 1 - Prime Location,All India,100.0,95.9,98.0,98.0
26.006,71.7056,6.15,6.155,2246.4,6.687,22.8,98.1,Tier 1 - Prime Location,All India,98.8,96.1,98.0,98.0
26.006,72.0556,6.21,6.214,2268.2,6.635,21.5,98.7,Tier 1 - Prime Location,All India,100.0,96.8,98.0,98.0
26.006,72.4056,6.24,6.242,2278.3,6.836,22.4,98.6,Tier 1 - Prime Location,All India,100.0,96.3,98.0,98.0
26.006,72.7556,6.15,6.151,2245.3,6.662,22.7,98.0,Tier 1 - Prime Location,All India,98.7,96.2,98.0,98.0
26.006,73.1056,6.14,6.142,2241.8,6.628,21.9,98.0,Tier 1 - Prime Location,All India,98.4,96.5,98.0,98.0
26.006,73.4556,6.08,6.079,2218.8,6.587,21.6,97.2,Tier 1 - Prime Location,All India,96.7,96.7,98.0,98.0
26.006,73.8056,6.13,6.132,2238.2,6.697,22.7,97.8,Tier 1 - Prime Location,All India,98.2,96.2,98.0,98.0
26.006,74.1556,6.1,6.096,2225.2,6.52,22.0,97.4,Tier 1 - Prime Location,All India,97.2,96.5,98.0,98.0
26.006,74.5056,6.02,6.023,2198.3,6.648,22.9,96.5,Tier 1 - Prime Location,All India,95.2,96.0,98.0,98.0
26.006,74.8556,6.04,6.04,2204.5,6.605,22.4,96.7,Tier 1 - Prime Location,All India,95.7,96.3,98.0,98.0
26.006,75.2056,6.11,6.113,2231.4,6.725,21.7,97.6,Tier 1 - Prime Location,All India,97.6,96.7,98.0,98.0
26.006,75.5556,5.91,5.912,2158.0,6.311,22.0,95.2,Tier 1 - Prime Location,All India,92.2,96.5,98.0,98.0
26.006,75.9056,6.03,6.025,2199.3,6.475,21.9,96.6,Tier 1 - Prime Location,All India,95.3,96.5,98.0,98.0
26.006,76.2556,4.99,4.992,1822.0,5.325,22.3,76.8,Tier 2 - Highly Suitable,All India,67.4,96.3,85.0,75.0
26.006,76.6056,5.12,5.12,1869.0,5.573,21.9,78.3,Tier 2 - Highly Suitable,All India,70.8,96.5,85.0,75.0
26.006,76.9556,4.95,4.954,1808.1,5.284,22.3,76.3,Tier 2 - Highly Suitable,All India,66.3,96.3,85.0,75.0
26.006,77.3056,5.12,5.121,1869.2,5.473,23.1,78.3,Tier 2 - Highly Suitable,All India,70.8,96.0,85.0,75.0
26.006,77.6556,5.13,5.13,1872.6,5.432,23.5,78.3,Tier 2 - Highly Suitable,All India,71.1,95.8,85.0,75.0
26.006,78.0056,5.07,5.072,1851.3,5.448,22.1,77.7,Tier 2 - Highly Suitable,All India,69.5,96.5,85.0,75.0
26.006,78.3556,5.07,5.069,1850.2,5.487,22.1,77.7,Tier 2 - Highly Suitable,All India,69.4,96.5,85.0,75.0
26.006,78.7056,5.06,5.063,1848.0,5.419,21.5,77.7,Tier 2 - Highly Suitable,All India,69.3,96.8,85.0,75.0
26.006,79.0556,4.98,4.977,1816.5,5.328,22.7,76.5,Tier 2 - Highly Suitable,All India,66.9,96.2,85.0,75.0
26.006,79.4056,5.14,5.137,1874.9,5.509,21.9,78.6,Tier 2 - Highly Suitable,All India,71.3,96.5,85.0,75.0
26.006,79.7556,4.98,4.978,1816.8,5.356,22.3,76.6,Tier 2 - Highly Suitable,All India,67.0,96.3,85.0,75.0
26.006,80.1056,5.09,5.086,1856.4,5.384,22.5,77.9,Tier 2 - Highly Suitable,All India,69.9,96.2,85.0,75.0
26.006,80.4556,5.03,5.034,1837.5,5.334,21.6,77.3,Tier 2 - Highly Suitable,All India,68.5,96.7,85.0,75.0
26.006,80.8056,4.99,4.995,1823.2,5.465,21.9,76.8,Tier 2 - Highly Suitable,All India,67.4,96.5,85.0,75.0
26.006,81.1556,5.07,5.071,1850.8,5.509,22.2,77.7,Tier 2 - Highly Suitable,All India,69.5,96.4,85.0,75.0
26.006,81.5056,5.08,5.08,1854.1,5.356,23.2,77.8,Tier 2 - Highly Suitable,All India,69.7,95.9,85.0,75.0
26.006,81.8556,5.07,5.069,1850.1,5.339,22.0,77.7,Tier 2 - Highly Suitable,All India,69.4,96.5,85.0,75.0
26.006,82.2056,5.08,5.081,1854.6,5.545,22.4,77.8,Tier 2 - Highly Suitable,All India,69.8,96.3,85.0,75.0
26.006,82.5556,4.95,4.953,1807.7,5.231,23.5,76.2,Tier 2 - Highly Suitable,All India,66.3,95.8,85.0,75.0
26.006,82.9056,5.12,5.124,1870.3,5.397,23.3,78.3,Tier 2 - Highly Suitable,All India,70.9,95.8,85.0,75.0
26.006,83.2556,5.12,5.117,1867.8,5.452,22.3,78.3,Tier 2 - Highly Suitable,All India,70.7,96.3,85.0,75.0
26.006,83.6056,4.98,4.979,1817.2,5.271,22.1,76.6,Tier 2 - Highly Suitable,All India,67.0,96.5,85.0,75.0
26.006,83.9556,5.12,5.119,1868.3,5.667,22.1,78.3,Tier 2 - Highly Suitable,All India,70.8,96.5,85.0,75.0
26.006,84.3056,5.0,4.995,1823.3,5.395,23.5,76.7,Tier 2 - Highly Suitable,All India,67.4,95.8,85.0,75.0
26.006,84.6556,5.08,5.077,1853.2,5.557,22.1,77.8,Tier 2 - Highly Suitable,All India,69.6,96.5,85.0,75.0
26.006,85.0056,4.98,4.982,1818.6,5.519,22.4,76.6,Tier 2 - Highly Suitable,All India,67.1,96.3,85.0,75.0
26.006,85.3556,5.13,5.131,1872.7,5.598,22.5,78.4,Tier 2 - Highly Suitable,All India,71.1,96.2,85.0,75.0
26.006,85.7056,5.11,5.114,1866.7,5.654,22.0,78.3,Tier 2 - Highly Suitable,All India,70.6,96.5,85.0,75.0
26.006,86.0556,5.03,5.032,1836.6,5.409,23.4,77.2,Tier 2 - Highly Suitable,All India,68.4,95.8,85.0,75.0
26.006,86.4056,4.95,4.951,1807.0,5.28,23.5,76.2,Tier 2 - Highly Suitable,All India,66.2,95.8,85.0,75.0
26.006,86.7556,4.99,4.987,1820.2,5.531,23.4,76.6,Tier 2 - Highly Suitable,All India,67.2,95.8,85.0,75.0
26.006,87.1056,5.09,5.085,1856.1,5.367,22.9,77.8,Tier 2 - Highly Suitable,All India,69.9,96.0,85.0,75.0
26.006,87.4556,4.98,4.983,1818.8,5.298,21.6,76.7,Tier 2 - Highly Suitable,All India,67.1,96.7,85.0,75.0
26.006,87.8056,4.96,4.963,1811.4,5.341,23.0,76.4,Tier 2 - Highly Suitable,All India,66.6,96.0,85.0,75.0
26.006,89.5556,4.33,4.325,1578.8,4.804,21.6,63.7,Tier 3 - Moderately Suitable,All India,49.3,96.7,85.0,50.0
26.006,89.9056,4.42,4.415,1611.5,4.886,23.3,64.7,Tier 3 - Moderately Suitable,All India,51.8,95.8,85.0,50.0
26.006,90.2556,4.24,4.241,1548.1,4.439,23.4,62.5,Tier 3 - Moderately Suitable,All India,47.1,95.8,85.0,50.0
26.006,90.6056,4.29,4.286,1564.4,4.698,23.2,63.1,Tier 3 - Moderately Suitable,All India,48.3,95.9,85.0,50.0
26.006,90.9556,4.43,4.427,1615.7,4.723,23.1,64.8,Tier 3 - Moderately Suitable,All India,52.1,96.0,85.0,50.0
26.006,91.3056,4.34,4.343,1585.3,4.596,22.0,63.9,Tier 3 - Moderately Suitable,All India,49.8,96.5,85.0,50.0
26.006,91.6556,4.38,4.375,1597.0,4.683,22.0,64.3,Tier 3 - Moderately Suitable,All India,50.7,96.5,85.0,50.0
26.006,92.0056,4.35,4.347,1586.6,4.69,23.2,63.8,Tier 3 - Moderately Suitable,All India,49.9,95.9,85.0,50.0
26.006,92.3556,4.34,4.336,1582.7,4.8,23.3,63.7,Tier 3 - Moderately Suitable,All India,49.6,95.8,85.0,50.0
26.006,92.7056,4.43,4.434,1618.4,4.74,21.7,65.0,Tier 3 - Moderately Suitable,All India,52.3,96.7,85.0,50.0
26.006,93.0556,4.27,4.273,1559.5,4.73,23.5,62.9,Tier 3 - Moderately Suitable,All India,47.9,95.8,85.0,50.0
26.006,93.4056,4.27,4.272,1559.1,4.568,22.7,63.0,Tier 3 - Moderately Suitable,All India,47.9,96.2,85.0,50.0
26.006,93.7556,4.28,4.284,1563.7,4.64,22.8,63.1,Tier 3 - Moderately Suitable,All India,48.2,96.1,85.0,50.0
26.006,94.1056,4.24,4.24,1547.6,4.662,23.1,62.6,Tier 3 - Moderately Suitable,All India,47.0,96.0,85.0,50.0
26.006,94.4556,4.41,4.405,1607.9,4.621,22.7,64.6,Tier 3 - Moderately Suitable,All India,51.5,96.2,85.0,50.0
26.006,94.8056,4.25,4.247,1550.3,4.518,22.3,62.7,Tier 3 - Moderately Suitable,All India,47.2,96.3,85.0,50.0
26.356,70.3056,6.2,6.198,2262.4,6.648,23.1,98.6,Tier 1 - Prime Location,All India,99.9,96.0,98.0,98.0
26.356,70.6556,6.13,6.128,2236.8,6.551,22.8,97.7,Tier 1 - Prime Location,All India,98.1,96.1,98.0,98.0
26.356,71.0056,6.25,6.247,2280.0,6.597,22.5,98.6,Tier 1 - Prime Location,All India,100.0,96.2,98.0,98.0
26.356,71.3556,6.25,6.253,2282.5,6.842,23.0,98.6,Tier 1 - Prime Location,All India,100.0,96.0,98.0,98.0
26.356,71.7056,6.18,6.179,2255.3,6.707,22.6,98.4,Tier 1 - Prime Location,All India,99.4,96.2,98.0,98.0
26.356,72.0556,6.26,6.263,2286.0,6.737,23.0,98.6,Tier 1 - Prime Location,All India,100.0,96.0,98.0,98.0
26.356,72.4056,6.08,6.082,2220.1,6.597,22.4,97.2,Tier 1 - Prime Location,All India,96.8,96.3,98.0,98.0
26.356,72.7556,6.15,6.153,2245.9,6.642,22.9,98.0,Tier 1 - Prime Location,All India,98.7,96.0,98.0,98.0
26.356,73.1056,6.03,6.033,2202.0,6.594,22.5,96.6,Tier 1 - Prime Location,All India,95.5,96.2,98.0,98.0
26.356,73.4556,6.2,6.197,2261.9,6.588,22.5,98.6,Tier 1 - Prime Location,All India,99.9,96.2,98.0,98.0
26.356,73.8056,5.99,5.99,2186.2,6.347,22.3,96.1,Tier 1 - Prime Location,All India,94.3,96.3,98.0,98.0
26.356,74.1556,6.11,6.114,2231.6,6.623,23.1,97.5,Tier 1 - Prime Location,All India,97.7,96.0,98.0,98.0
26.356,74.5056,5.96,5.964,2177.0,6.444,22.5,95.8,Tier 1 - Prime Location,All India,93.6,96.2,98.0,98.0
26.356,74.8556,5.97,5.969,2178.7,6.556,22.1,95.9,Tier 1 - Prime Location,All India,93.8,96.5,98.0,98.0
26.356,75.2056,6.06,6.061,2212.3,6.477,23.3,96.9,Tier 1 - Prime Location,All India,96.2,95.8,98.0,98.0
26.356,75.5556,6.07,6.069,2215.2,6.579,22.1,97.1,Tier 1 - Prime Location,All India,96.5,96.5,98.0,98.0
26.356,75.9056,5.89,5.895,2151.5,6.31,21.9,95.0,Tier 1 - Prime Location,All India,91.8,96.5,98.0,98.0
26.356,76.2556,4.97,4.97,1814.1,5.494,22.8,76.5,Tier 2 - Highly Suitable,All India,66.8,96.1,85.0,75.0
26.356,76.6056,4.98,4.98,1817.6,5.414,21.9,76.6,Tier 2 - Highly Suitable,All India,67.0,96.5,85.0,75.0
26.356,76.9556,5.08,5.084,1855.6,5.603,22.9,77.8,Tier 2 - Highly Suitable,All India,69.8,96.0,85.0,75.0
26.356,77.3056,4.96,4.96,1810.5,5.5,21.4,76.4,Tier 2 - Highly Suitable,All India,66.5,96.8,85.0,75.0
26.356,77.6556,5.0,4.997,1824.0,5.472,22.5,76.8,Tier 2 - Highly Suitable,All India,67.5,96.2,85.0,75.0
26.356,78.0056,5.04,5.039,1839.4,5.374,23.1,77.3,Tier 2 - Highly Suitable,All India,68.6,96.0,85.0,75.0
26.356,78.3556,4.93,4.93,1799.4,5.308,23.1,75.9,Tier 2 - Highly Suitable,All India,65.7,96.0,85.0,75.0
26.356,78.7056,5.04,5.037,1838.5,5.433,22.2,77.3,Tier 2 - Highly Suitable,All India,68.6,96.4,85.0,75.0
26.356,79.0556,5.12,5.12,1868.8,5.574,22.4,78.3,Tier 2 - Highly Suitable,All India,70.8,96.3,85.0,75.0
26.356,79.4056,5.01,5.012,1829.2,5.339,23.0,77.0,Tier 2 - Highly Suitable,All India,67.9,96.0,85.0,75.0
26.356,79.7556,5.11,5.109,1864.9,5.464,22.6,78.2,Tier 2 - Highly Suitable,All India,70.5,96.2,85.0,75.0
26.356,80.1056,5.07,5.07,1850.4,5.425,22.8,77.7,Tier 2 - Highly Suitable,All India,69.5,96.1,85.0,75.0
26.356,80.4556,4.96,4.962,1811.1,5.24,21.4,76.5,Tier 2 - Highly Suitable,All India,66.5,96.8,85.0,75.0
26.356,80.8056,4.94,4.942,1803.7,5.224,22.7,76.1,Tier 2 - Highly Suitable,All India,66.0,96.2,85.0,75.0
26.356,81.1556,4.93,4.927,1798.3,5.409,22.9,75.9,Tier 2 - Highly Suitable,All India,65.6,96.0,85.0,75.0
26.356,81.5056,5.03,5.026,1834.4,5.576,21.9,77.2,Tier 2 - Highly Suitable,All India,68.3,96.5,85.0,75.0
26.356,81.8556,5.09,5.091,1858.1,5.523,21.9,78.0,Tier 2 - Highly Suitable,All India,70.0,96.5,85.0,75.0
26.356,82.2056,5.09,5.085,1856.1,5.406,23.1,77.8,Tier 2 - Highly Suitable,All India,69.9,96.0,85.0,75.0
26.356,82.5556,5.12,5.12,1868.7,5.671,22.7,78.3,Tier 2 - Highly Suitable,All India,70.8,96.2,85.0,75.0
26.356,82.9056,5.02,5.018,1831.6,5.344,21.5,77.1,Tier 2 - Highly Suitable,All India,68.1,96.8,85.0,75.0
26.356,83.2556,5.11,5.109,1865.0,5.407,22.6,78.2,Tier 2 - Highly Suitable,All India,70.5,96.2,85.0,75.0
26.356,83.6056,5.05,5.054,1844.7,5.486,22.5,77.5,Tier 2 - Highly Suitable,All India,69.0,96.2,85.0,75.0
26.356,83.9556,4.98,4.983,1818.7,5.236,22.6,76.6,Tier 2 - Highly Suitable,All India,67.1,96.2,85.0,75.0
26.356,84.3056,5.09,5.089,1857.5,5.561,21.8,78.0,Tier 2 - Highly Suitable,All India,70.0,96.6,85.0,75.0
26.356,84.6556,5.08,5.077,1853.2,5.371,23.2,77.7,Tier 2 - Highly Suitable,All India,69.6,95.9,85.0,75.0
26.356,85.0056,4.96,4.959,1810.0,5.391,21.8,76.4,Tier 2 - Highly Suitable,All India,66.5,96.6,85.0,75.0
26.356,85.3556,5.02,5.019,1831.8,5.406,22.2,77.1,Tier 2 - Highly Suitable,All India,68.1,96.4,85.0,75.0
26.356,85.7056,4.96,4.958,1809.7,5.261,21.6,76.4,Tier 2 - Highly Suitable,All India,66.4,96.7,85.0,75.0
26.356,86.0556,5.01,5.014,1830.1,5.489,22.0,77.1,Tier 2 - Highly Suitable,All India,67.9,96.5,85.0,75.0
26.356,86.4056,5.07,5.074,1851.9,5.61,21.4,77.8,Tier 2 - Highly Suitable,All India,69.6,96.8,85.0,75.0
26.356,86.7556,5.01,5.007,1827.6,5.323,21.8,77.0,Tier 2 - Highly Suitable,All India,67.8,96.6,85.0,75.0
26.356,87.1056,5.03,5.03,1836.1,5.542,22.2,77.2,Tier 2 - Highly Suitable,All India,68.4,96.4,85.0,75.0
26.356,87.4556,5.11,5.109,1864.6,5.616,22.7,78.2,Tier 2 - Highly Suitable,All India,70.5,96.2,85.0,75.0
26.356,87.8056,5.05,5.053,1844.3,5.381,21.6,77.6,Tier 2 - Highly Suitable,All India,69.0,96.7,85.0,75.0
26.356,88.1556,4.32,4.32,1576.6,4.572,22.3,68.6,Tier 3 - Moderately Suitable,All India,49.2,96.3,85.0,75.0
26.356,88.5056,4.31,4.308,1572.3,4.639,22.7,68.4,Tier 3 - Moderately Suitable,All India,48.9,96.2,85.0,75.0
26.356,88.8556,4.33,4.333,1581.5,4.769,22.6,68.7,Tier 3 - Moderately Suitable,All India,49.5,96.2,85.0,75.0
26.356,89.2056,4.4,4.402,1606.9,4.767,22.1,64.6,Tier 3 - Moderately Suitable,All India,51.4,96.5,85.0,50.0
26.356,89.5556,4.25,4.25,1551.1,4.533,22.1,62.8,Tier 3 - Moderately Suitable,All India,47.3,96.5,85.0,50.0
26.356,89.9056,4.36,4.362,1592.1,4.832,21.4,64.2,Tier 3 - Moderately Suitable,All India,50.3,96.8,85.0,50.0
26.356,90.2556,4.37,4.369,1594.6,4.765,22.0,64.2,Tier 3 - Moderately Suitable,All India,50.5,96.5,85.0,50.0
26.356,90.6056,4.4,4.396,1604.7,4.677,23.0,64.5,Tier 3 - Moderately Suitable,All India,51.2,96.0,85.0,50.0
26.356,90.9556,4.33,4.327,1579.4,4.644,22.9,63.6,Tier 3 - Moderately Suitable,All India,49.4,96.0,85.0,50.0
26.356,91.3056,4.43,4.426,1615.3,4.857,21.7,64.9,Tier 3 - Moderately Suitable,All India,52.1,96.7,85.0,50.0
26.356,91.6556,4.42,4.418,1612.5,4.905,22.6,64.8,Tier 3 - Moderately Suitable,All India,51.8,96.2,85.0,50.0
26.356,92.0056,4.33,4.328,1579.7,4.561,22.4,63.7,Tier 3 - Moderately Suitable,All India,49.4,96.3,85.0,50.0
26.356,92.3556,4.26,4.264,1556.2,4.565,21.5,63.0,Tier 3 - Moderately Suitable,All India,47.7,96.8,85.0,50.0
26.356,92.7056,4.38,4.379,1598.5,4.734,22.4,64.3,Tier 3 - Moderately Suitable,All India,50.8,96.3,85.0,50.0
26.356,93.0556,4.35,4.354,1589.1,4.762,22.1,64.0,Tier 3 - Moderately Suitable,All India,50.1,96.5,85.0,50.0
26.356,93.4056,4.24,4.244,1549.1,4.51,22.3,62.7,Tier 3 - Moderately Suitable,All India,47.1,96.3,85.0,50.0
26.356,93.7556,4.27,4.267,1557.3,4.497,23.1,62.9,Tier 3 - Moderately Suitable,All India,47.8,96.0,85.0,50.0
26.356,94.1056,4.42,4.419,1613.0,4.716,21.4,64.9,Tier 3 - Moderately Suitable,All India,51.9,96.8,85.0,50.0
26.356,94.4556,4.24,4.235,1545.9,4.523,21.9,62.6,Tier 3 - Moderately Suitable,All India,46.9,96.5,85.0,50.0
26.356,94.8056,4.28,4.279,1561.8,4.503,21.9,63.1,Tier 3 - Moderately Suitable,All India,48.1,96.5,85.0,50.0
26.706,69.6056,6.05,6.047,2207.2,6.556,22.1,96.8,Tier 1 - Prime Location,All India,95.9,96.5,98.0,98.0
26.706,69.9556,6.1,6.098,2225.7,6.556,22.3,97.4,Tier 1 - Prime Location,All India,97.2,96.3,98.0,98.0
26.706,70.3056,6.11,6.11,2230.0,6.575,22.8,97.5,Tier 1 - Prime Location,All India,97.6,96.1,98.0,98.0
26.706,70.6556,6.18,6.181,2255.9,6.707,22.3,98.4,Tier 1 - Prime Location,All India,99.5,96.3,98.0,98.0
26.706,71.0056,6.16,6.164,2249.8,6.554,23.0,98.2,Tier 1 - Prime Location,All India,99.0,96.0,98.0,98.0
26.706,71.3556,6.12,6.123,2234.9,6.617,22.0,97.7,Tier 1 - Prime Location,All India,97.9,96.5,98.0,98.0
26.706,71.7056,6.27,6.27,2288.6,6.78,21.7,98.7,Tier 1 - Prime Location,All India,100.0,96.7,98.0,98.0
26.706,72.0556,6.12,6.115,2232.0,6.574,22.0,97.6,Tier 1 - Prime Location,All India,97.7,96.5,98.0,98.0
26.706,72.4056,6.12,6.122,2234.6,6.563,22.6,97.7,Tier 1 - Prime Location,All India,97.9,96.2,98.0,98.0
26.706,72.7556,6.06,6.058,2211.1,6.445,22.3,96.9,Tier 1 - Prime Location,All India,96.2,96.3,98.0,98.0
26.706,73.1056,6.21,6.21,2266.7,6.673,22.9,98.6,Tier 1 - Prime Location,All India,100.0,96.0,98.0,98.0
26.706,73.4556,6.18,6.184,2257.1,6.562,21.6,98.5,Tier 1 - Prime Location,All India,99.6,96.7,98.0,98.0
26.706,73.8056,6.11,6.108,2229.4,6.473,22.7,97.5,Tier 1 - Prime Location,All India,97.5,96.2,98.0,98.0
26.706,74.1556,5.96,5.961,2175.7,6.404,21.3,95.8,Tier 1 - Prime Location,All India,93.5,96.8,98.0,98.0
26.706,74.5056,6.08,6.078,2218.6,6.582,22.4,97.2,Tier 1 - Prime Location,All India,96.7,96.3,98.0,98.0
26.706,74.8556,6.01,6.009,2193.1,6.361,21.9,96.4,Tier 1 - Prime Location,All India,94.8,96.5,98.0,98.0
26.706,75.2056,5.95,5.954,2173.2,6.563,22.7,95.6,Tier 1 - Prime Location,All India,93.4,96.2,98.0,98.0
26.706,75.5556,6.03,6.031,2201.4,6.436,21.7,96.6,Tier 1 - Prime Location,All India,95.4,96.7,98.0,98.0
26.706,75.9056,5.91,5.906,2155.7,6.492,22.1,95.1,Tier 1 - Prime Location,All India,92.1,96.5,98.0,98.0
26.706,76.2556,4.96,4.959,1810.0,5.413,21.4,76.4,Tier 2 - Highly Suitable,All India,66.5,96.8,85.0,75.0
26.706,76.6056,4.96,4.96,1810.3,5.319,22.1,76.4,Tier 2 - Highly Suitable,All India,66.5,96.5,85.0,75.0
26.706,76.9556,5.09,5.094,1859.2,5.412,23.1,77.9,Tier 2 - Highly Suitable,All India,70.1,96.0,85.0,75.0
26.706,77.3056,4.93,4.926,1797.9,5.361,22.0,76.0,Tier 2 - Highly Suitable,All India,65.6,96.5,85.0,75.0
26.706,77.6556,4.91,4.913,1793.2,5.291,22.3,75.8,Tier 2 - Highly Suitable,All India,65.2,96.3,85.0,75.0
26.706,78.0056,5.11,5.11,1865.3,5.534,21.6,78.2,Tier 2 - Highly Suitable,All India,70.5,96.7,85.0,75.0
26.706,78.3556,4.92,4.924,1797.2,5.451,22.7,75.9,Tier 2 - Highly Suitable,All India,65.5,96.2,85.0,75.0
26.706,78.7056,5.05,5.047,1842.2,5.493,21.7,77.5,Tier 2 - Highly Suitable,All India,68.8,96.7,85.0,75.0
26.706,79.0556,5.0,5.0,1825.1,5.285,22.5,76.8,Tier 2 - Highly Suitable,All India,67.6,96.2,85.0,75.0
26.706,79.4056,5.04,5.037,1838.6,5.546,21.6,77.4,Tier 2 - Highly Suitable,All India,68.6,96.7,85.0,75.0
26.706,79.7556,4.95,4.947,1805.8,5.344,22.0,76.2,Tier 2 - Highly Suitable,All India,66.1,96.5,85.0,75.0
26.706,80.1056,4.98,4.983,1818.8,5.32,21.2,76.7,Tier 2 - Highly Suitable,All India,67.1,96.9,85.0,75.0
26.706,80.4556,5.1,5.1,1861.6,5.463,21.5,78.1,Tier 2 - Highly Suitable,All India,70.3,96.8,85.0,75.0
26.706,80.8056,4.95,4.946,1805.4,5.475,21.3,76.3,Tier 2 - Highly Suitable,All India,66.1,96.8,85.0,75.0
26.706,81.1556,5.09,5.088,1857.1,5.453,21.8,78.0,Tier 2 - Highly Suitable,All India,69.9,96.6,85.0,75.0
26.706,81.5056,5.09,5.09,1857.8,5.533,22.1,78.0,Tier 2 - Highly Suitable,All India,70.0,96.5,85.0,75.0
26.706,81.8556,5.03,5.029,1835.6,5.397,23.1,77.2,Tier 2 - Highly Suitable,All India,68.4,96.0,85.0,75.0
26.706,82.2056,5.04,5.044,1840.9,5.592,23.1,77.3,Tier 2 - Highly Suitable,All India,68.8,96.0,85.0,75.0
26.706,82.5556,4.94,4.94,1803.3,5.407,22.3,76.1,Tier 2 - Highly Suitable,All India,65.9,96.3,85.0,75.0
26.706,82.9056,5.03,5.028,1835.3,5.288,21.5,77.3,Tier 2 - Highly Suitable,All India,68.3,96.8,85.0,75.0
26.706,83.2556,5.09,5.086,1856.4,5.409,21.8,77.9,Tier 2 - Highly Suitable,All India,69.9,96.6,85.0,75.0
26.706,83.6056,4.95,4.952,1807.5,5.249,22.9,76.2,Tier 2 - Highly Suitable,All India,66.3,96.0,85.0,75.0
26.706,83.9556,5.06,5.059,1846.5,5.381,22.4,77.6,Tier 2 - Highly Suitable,All India,69.2,96.3,85.0,75.0
26.706,84.3056,5.0,5.004,1826.4,5.448,22.9,76.9,Tier 2 - Highly Suitable,All India,67.7,96.0,85.0,75.0
26.706,84.6556,4.92,4.916,1794.4,5.387,22.5,75.8,Tier 2 - Highly Suitable,All India,65.3,96.2,85.0,75.0
26.706,85.0056,5.02,5.017,1831.3,5.272,21.4,77.1,Tier 2 - Highly Suitable,All India,68.0,96.8,85.0,75.0
26.706,85.3556,4.92,4.923,1796.7,5.304,22.2,75.9,Tier 2 - Highly Suitable,All India,65.5,96.4,85.0,75.0
26.706,85.7056,4.97,4.975,1815.8,5.491,21.3,76.6,Tier 2 - Highly Suitable,All India,66.9,96.8,85.0,75.0
26.706,88.5056,4.27,4.265,1556.9,4.75,21.2,68.0,Tier 3 - Moderately Suitable,All India,47.7,96.9,85.0,75.0
26.706,88.8556,4.24,4.236,1546.3,4.629,23.1,67.5,Tier 3 - Moderately Suitable,All India,46.9,96.0,85.0,75.0
26.706,89.2056,4.28,4.275,1560.4,4.749,22.0,63.1,Tier 3 - Moderately Suitable,All India,48.0,96.5,85.0,50.0
26.706,89.5556,4.41,4.409,1609.3,4.844,22.5,64.7,Tier 3 - Moderately Suitable,All India,51.6,96.2,85.0,50.0
26.706,89.9056,4.36,4.36,1591.4,4.795,21.4,64.1,Tier 3 - Moderately Suitable,All India,50.3,96.8,85.0,50.0
26.706,90.2556,4.27,4.273,1559.5,4.707,23.0,63.0,Tier 3 - Moderately Suitable,All India,47.9,96.0,85.0,50.0
26.706,90.6056,4.38,4.376,1597.3,4.705,22.0,64.3,Tier 3 - Moderately Suitable,All India,50.7,96.5,85.0,50.0
26.706,90.9556,4.37,4.369,1594.6,4.807,21.5,64.2,Tier 3 - Moderately Suitable,All India,50.5,96.8,85.0,50.0
26.706,91.3056,4.25,4.253,1552.5,4.684,21.6,62.8,Tier 3 - Moderately Suitable,All India,47.4,96.7,85.0,50.0
26.706,91.6556,4.35,4.353,1588.8,4.808,22.7,64.0,Tier 3 - Moderately Suitable,All India,50.1,96.2,85.0,50.0
26.706,92.0056,4.28,4.277,1561.1,4.552,22.3,63.1,Tier 3 - Moderately Suitable,All India,48.0,96.3,85.0,50.0
26.706,92.3556,4.22,4.219,1539.8,4.532,22.7,62.3,Tier 3 - Moderately Suitable,All India,46.5,96.2,85.0,50.0
26.706,92.7056,4.38,4.379,1598.5,4.676,22.6,64.3,Tier 3 - Moderately Suitable,All India,50.8,96.2,85.0,50.0
26.706,93.0556,4.37,4.371,1595.4,4.793,23.0,64.2,Tier 3 - Moderately Suitable,All India,50.6,96.0,85.0,50.0
26.706,93.4056,4.4,4.398,1605.1,4.718,22.4,64.5,Tier 3 - Moderately Suitable,All India,51.3,96.3,85.0,50.0
26.706,93.7556,4.37,4.367,1594.0,4.669,22.3,64.2,Tier 3 - Moderately Suitable,All India,50.5,96.3,85.0,50.0
26.706,94.1056,4.28,4.277,1561.2,4.663,21.2,63.1,Tier 3 - Moderately Suitable,All India,48.0,96.9,85.0,50.0
26.706,94.4556,4.27,4.274,1559.9,4.618,21.8,63.1,Tier 3 - Moderately Suitable,All India,47.9,96.6,85.0,50.0
26.706,94.8056,4.4,4.398,1605.2,4.762,22.9,64.5,Tier 3 - Moderately Suitable,All India,51.3,96.0,85.0,50.0
26.706,95.1556,4.25,4.247,1550.2,4.709,21.5,62.8,Tier 3 - Moderately Suitable,All India,47.2,96.8,85.0,50.0
27.056,69.6056,6.13,6.131,2237.7,6.698,22.9,97.8,Tier 1 - Prime Location,All India,98.1,96.0,98.0,98.0
27.056,69.9556,6.04,6.04,2204.5,6.654,21.4,96.8,Tier 1 - Prime Location,All India,95.7,96.8,98.0,98.0
27.056,70.3056,6.12,6.123,2234.8,6.715,22.6,97.7,Tier 1 - Prime Location,All India,97.9,96.2,98.0,98.0
27.056,70.6556,6.08,6.083,2220.4,6.645,21.0,97.3,Tier 1 - Prime Location,All India,96.8,97.0,98.0,98.0
27.056,71.0056,6.24,6.243,2278.7,6.659,22.0,98.7,Tier 1 - Prime Location,All India,100.0,96.5,98.0,98.0
27.056,71.3556,6.26,6.265,2286.6,6.779,21.0,98.8,Tier 1 - Prime Location,All India,100.0,97.0,98.0,98.0
27.056,71.7056,6.2,6.197,2261.8,6.773,22.3,98.6,Tier 1 - Prime Location,All India,99.9,96.3,98.0,98.0
27.056,72.0556,6.12,6.122,2234.5,6.552,22.4,97.7,Tier 1 - Prime Location,All India,97.9,96.3,98.0,98.0
27.056,72.4056,6.19,6.194,2260.8,6.604,21.8,98.6,Tier 1 - Prime Location,All India,99.8,96.6,98.0,98.0
27.056,72.7556,6.05,6.053,2209.3,6.537,22.3,96.9,Tier 1 - Prime Location,All India,96.0,96.3,98.0,98.0
27.056,73.1056,6.14,6.14,2241.0,6.571,22.9,97.9,Tier 1 - Prime Location,All India,98.4,96.0,98.0,98.0
27.056,73.4556,6.18,6.177,2254.6,6.685,22.5,98.4,Tier 1 - Prime Location,All India,99.4,96.2,98.0,98.0
27.056,73.8056,6.03,6.026,2199.3,6.443,22.6,96.5,Tier 1 - Prime Location,All India,95.3,96.2,98.0,98.0
27.056,74.1556,6.13,6.13,2237.3,6.67,22.7,97.8,Tier 1 - Prime Location,All India,98.1,96.2,98.0,98.0
27.056,74.5056,5.93,5.934,2165.7,6.348,21.2,95.5,Tier 1 - Prime Location,All India,92.8,96.9,98.0,98.0
27.056,74.8556,5.95,5.946,2170.4,6.327,21.5,95.6,Tier 1 - Prime Location,All India,93.1,96.8,98.0,98.0
27.056,75.2056,6.05,6.048,2207.6,6.473,22.7,96.8,Tier 1 - Prime Location,All India,95.9,96.2,98.0,98.0
27.056,75.5556,5.93,5.931,2164.8,6.276,21.6,95.4,Tier 1 - Prime Location,All India,92.7,96.7,98.0,98.0
27.056,75.9056,5.99,5.986,2184.8,6.431,21.4,96.1,Tier 1 - Prime Location,All India,94.2,96.8,98.0,98.0
27.056,76.2556,5.01,5.014,1830.0,5.338,21.7,77.1,Tier 2 - Highly Suitable,All India,67.9,96.7,85.0,75.0
27.056,76.6056,4.94,4.94,1803.1,5.308,22.8,76.1,Tier 2 - Highly Suitable,All India,65.9,96.1,85.0,75.0
27.056,76.9556,5.05,5.047,1842.0,5.547,21.4,77.5,Tier 2 - Highly Suitable,All India,68.8,96.8,85.0,75.0
27.056,77.3056,4.93,4.925,1797.6,5.199,21.5,76.0,Tier 2 - Highly Suitable,All India,65.5,96.8,85.0,75.0
27.056,77.6556,5.04,5.044,1840.9,5.412,22.7,77.4,Tier 2 - Highly Suitable,All India,68.8,96.2,85.0,75.0
27.056,78.0056,4.9,4.899,1788.0,5.195,21.1,75.7,Tier 2 - Highly Suitable,All India,64.8,97.0,85.0,75.0
27.056,78.3556,5.06,5.065,1848.6,5.586,21.1,77.7,Tier 2 - Highly Suitable,All India,69.3,97.0,85.0,75.0
27.056,78.7056,5.05,5.055,1845.1,5.5,21.7,77.6,Tier 2 - Highly Suitable,All India,69.1,96.7,85.0,75.0
27.056,79.0556,4.95,4.947,1805.6,5.304,21.7,76.3,Tier 2 - Highly Suitable,All India,66.1,96.7,85.0,75.0
27.056,79.4056,5.08,5.081,1854.7,5.339,22.4,77.8,Tier 2 - Highly Suitable,All India,69.8,96.3,85.0,75.0
27.056,79.7556,5.09,5.089,1857.4,5.439,21.4,78.0,Tier 2 - Highly Suitable,All India,70.0,96.8,85.0,75.0
27.056,80.1056,5.05,5.046,1841.8,5.34,21.0,77.5,Tier 2 - Highly Suitable,All India,68.8,97.0,85.0,75.0
27.056,80.4556,4.9,4.899,1788.0,5.21,22.4,75.6,Tier 2 - Highly Suitable,All India,64.8,96.3,85.0,75.0
27.056,80.8056,5.05,5.053,1844.2,5.48,21.3,77.6,Tier 2 - Highly Suitable,All India,69.0,96.8,85.0,75.0
27.056,81.1556,5.09,5.094,1859.3,5.563,22.5,78.0,Tier 2 - Highly Suitable,All India,70.1,96.2,85.0,75.0
27.056,81.5056,4.97,4.968,1813.4,5.277,21.3,76.5,Tier 2 - Highly Suitable,All India,66.7,96.8,85.0,75.0
27.056,81.8556,4.92,4.921,1796.3,5.263,21.1,76.0,Tier 2 - Highly Suitable,All India,65.4,97.0,85.0,75.0
27.056,82.2056,5.04,5.039,1839.1,5.335,22.5,77.3,Tier 2 - Highly Suitable,All India,68.6,96.2,85.0,75.0
27.056,82.5556,4.94,4.935,1801.3,5.261,21.0,76.2,Tier 2 - Highly Suitable,All India,65.8,97.0,85.0,75.0
27.056,82.9056,4.98,4.98,1817.8,5.478,22.7,76.6,Tier 2 - Highly Suitable,All India,67.0,96.2,85.0,75.0
27.056,83.2556,5.09,5.093,1858.9,5.639,21.8,78.0,Tier 2 - Highly Suitable,All India,70.1,96.6,85.0,75.0
27.056,83.6056,4.91,4.908,1791.6,5.428,21.8,75.8,Tier 2 - Highly Suitable,All India,65.1,96.6,85.0,75.0
27.056,83.9556,4.92,4.917,1794.7,5.292,21.3,75.9,Tier 2 - Highly Suitable,All India,65.3,96.8,85.0,75.0
27.056,84.3056,4.93,4.931,1799.9,5.369,21.7,76.1,Tier 2 - Highly Suitable,All India,65.7,96.7,85.0,75.0
27.056,88.1556,4.38,4.377,1597.8,4.669,22.7,69.3,Tier 3 - Moderately Suitable,All India,50.7,96.2,85.0,75.0
27.056,88.5056,4.22,4.217,1539.1,4.546,22.2,67.3,Tier 3 - Moderately Suitable,All India,46.4,96.4,85.0,75.0
27.056,88.8556,4.34,4.339,1583.7,4.673,22.1,68.8,Tier 3 - Moderately Suitable,All India,49.7,96.5,85.0,75.0
27.056,92.3556,4.31,4.307,1572.1,4.527,21.2,63.5,Tier 3 - Moderately Suitable,All India,48.8,96.9,85.0,50.0
27.056,92.7056,4.25,4.246,1549.8,4.632,21.9,62.7,Tier 3 - Moderately Suitable,All India,47.2,96.5,85.0,50.0
27.056,93.0556,4.25,4.253,1552.4,4.633,22.1,62.8,Tier 3 - Moderately Suitable,All India,47.4,96.5,85.0,50.0
27.056,93.4056,4.25,4.251,1551.5,4.579,22.9,62.7,Tier 3 - Moderately Suitable,All India,47.3,96.0,85.0,50.0
27.056,93.7556,4.4,4.395,1604.3,4.729,22.3,64.5,Tier 3 - Moderately Suitable,All India,51.2,96.3,85.0,50.0
27.056,94.1056,4.37,4.371,1595.5,4.857,22.8,64.2,Tier 3 - Moderately Suitable,All India,50.6,96.1,85.0,50.0
27.056,94.4556,4.39,4.393,1603.4,4.711,22.4,64.5,Tier 3 - Moderately Suitable,All India,51.2,96.3,85.0,50.0
27.056,94.8056,4.24,4.242,1548.2,4.545,21.9,62.7,Tier 3 - Moderately Suitable,All India,47.1,96.5,85.0,50.0
27.056,95.1556,4.24,4.243,1548.7,4.454,22.3,62.7,Tier 3 - Moderately Suitable,All India,47.1,96.3,85.0,50.0
27.056,95.5056,4.29,4.287,1564.8,4.515,22.1,63.2,Tier 3 - Moderately Suitable,All India,48.3,96.5,85.0,50.0
27.056,95.8556,4.29,4.286,1564.4,4.684,21.0,63.3,Tier 3 - Moderately Suitable,All India,48.3,97.0,85.0,50.0
27.406,69.9556,6.07,6.075,2217.2,6.573,22.5,97.1,Tier 1 - Prime Location,All India,96.6,96.2,98.0,98.0
27.406,70.3056,6.12,6.119,2233.5,6.48,22.6,97.6,Tier 1 - Prime Location,All India,97.8,96.2,98.0,98.0
27.406,70.6556,6.06,6.06,2212.0,6.405,21.0,97.0,Tier 1 - Prime Location,All India,96.2,97.0,98.0,98.0
27.406,71.0056,6.14,6.141,2241.6,6.522,21.9,98.0,Tier 1 - Prime Location,All India,98.4,96.5,98.0,98.0
27.406,71.3556,6.14,6.145,2242.9,6.647,22.4,98.0,Tier 1 - Prime Location,All India,98.5,96.3,98.0,98.0
27.406,71.7056,6.08,6.081,2219.6,6.419,22.1,97.2,Tier 1 - Prime Location,All India,96.8,96.5,98.0,98.0
27.406,72.0556,6.25,6.246,2279.9,6.869,21.0,98.8,Tier 1 - Prime Location,All India,100.0,97.0,98.0,98.0
27.406,72.4056,6.15,6.15,2244.8,6.781,22.3,98.0,Tier 1 - Prime Location,All India,98.6,96.3,98.0,98.0
27.406,72.7556,6.03,6.033,2202.2,6.37,22.6,96.6,Tier 1 - Prime Location,All India,95.5,96.2,98.0,98.0
27.406,73.1056,6.0,6.005,2191.7,6.389,22.1,96.3,Tier 1 - Prime Location,All India,94.7,96.5,98.0,98.0
27.406,73.4556,6.03,6.028,2200.1,6.416,22.6,96.5,Tier 1 - Prime Location,All India,95.4,96.2,98.0,98.0
27.406,73.8056,6.0,6.004,2191.5,6.564,22.0,96.3,Tier 1 - Prime Location,All India,94.7,96.5,98.0,98.0
27.406,74.1556,5.96,5.961,2175.8,6.38,22.4,95.7,Tier 1 - Prime Location,All India,93.5,96.3,98.0,98.0
27.406,74.5056,6.02,6.023,2198.5,6.6,21.7,96.5,Tier 1 - Prime Location,All India,95.2,96.7,98.0,98.0
27.406,74.8556,5.91,5.909,2156.6,6.339,21.7,95.2,Tier 1 - Prime Location,All India,92.1,96.7,98.0,98.0
27.406,75.2056,5.95,5.95,2171.7,6.297,21.1,95.7,Tier 1 - Prime Location,All India,93.2,97.0,98.0,98.0
27.406,75.5556,5.92,5.921,2161.2,6.385,22.0,95.3,Tier 1 - Prime Location,All India,92.5,96.5,98.0,98.0
27.406,75.9056,5.86,5.858,2138.1,6.434,21.9,94.5,Tier 1 - Prime Location,All India,90.8,96.5,98.0,98.0
27.406,76.2556,4.92,4.917,1794.6,5.451,21.2,75.9,Tier 2 - Highly Suitable,All India,65.3,96.9,85.0,75.0
27.406,76.6056,4.9,4.905,1790.2,5.193,21.5,75.8,Tier 2 - Highly Suitable,All India,65.0,96.8,85.0,75.0
27.406,76.9556,4.98,4.979,1817.2,5.355,20.9,76.7,Tier 2 - Highly Suitable,All India,67.0,97.0,85.0,75.0
27.406,77.3056,4.91,4.907,1790.9,5.405,21.4,75.8,Tier 2 - Highly Suitable,All India,65.1,96.8,85.0,75.0
27.406,77.6556,4.89,4.887,1783.7,5.171,22.2,75.5,Tier 2 - Highly Suitable,All India,64.5,96.4,85.0,75.0
27.406,78.0056,5.06,5.058,1846.2,5.605,21.5,77.6,Tier 2 - Highly Suitable,All India,69.1,96.8,85.0,75.0
27.406,78.3556,4.93,4.935,1801.2,5.429,21.9,76.1,Tier 2 - Highly Suitable,All India,65.8,96.5,85.0,75.0
27.406,78.7056,5.02,5.025,1834.0,5.326,21.9,77.2,Tier 2 - Highly Suitable,All India,68.2,96.5,85.0,75.0
27.406,79.0556,4.89,4.887,1783.7,5.246,21.1,75.6,Tier 2 - Highly Suitable,All India,64.5,97.0,85.0,75.0
27.406,79.4056,4.97,4.967,1812.8,5.317,22.6,76.4,Tier 2 - Highly Suitable,All India,66.7,96.2,85.0,75.0
27.406,79.7556,5.04,5.042,1840.4,5.496,22.0,77.4,Tier 2 - Highly Suitable,All India,68.7,96.5,85.0,75.0
27.406,80.1056,4.98,4.983,1818.7,5.424,22.5,76.6,Tier 2 - Highly Suitable,All India,67.1,96.2,85.0,75.0
27.406,80.4556,5.03,5.032,1836.5,5.287,22.6,77.2,Tier 2 - Highly Suitable,All India,68.4,96.2,85.0,75.0
27.406,80.8056,4.92,4.915,1794.2,5.251,21.8,75.9,Tier 2 - Highly Suitable,All India,65.3,96.6,85.0,75.0
27.406,81.1556,5.02,5.019,1831.9,5.302,22.6,77.1,Tier 2 - Highly Suitable,All India,68.1,96.2,85.0,75.0
27.406,81.5056,5.08,5.082,1855.1,5.352,21.0,78.0,Tier 2 - Highly Suitable,All India,69.8,97.0,85.0,75.0
27.406,81.8556,4.93,4.931,1799.9,5.295,20.9,76.1,Tier 2 - Highly Suitable,All India,65.7,97.0,85.0,75.0
27.406,82.2056,5.06,5.06,1846.9,5.485,22.3,77.6,Tier 2 - Highly Suitable,All India,69.2,96.3,85.0,75.0
27.406,82.5556,4.98,4.977,1816.5,5.306,21.5,76.6,Tier 2 - Highly Suitable,All India,66.9,96.8,85.0,75.0
27.406,82.9056,4.97,4.965,1812.2,5.314,21.8,76.5,Tier 2 - Highly Suitable,All India,66.6,96.6,85.0,75.0
27.406,83.6056,5.05,5.046,1841.7,5.572,22.1,77.4,Tier 2 - Highly Suitable,All India,68.8,96.5,85.0,75.0
27.406,83.9556,5.03,5.025,1834.3,5.491,21.2,77.2,Tier 2 - Highly Suitable,All India,68.2,96.9,85.0,75.0
27.406,88.1556,4.29,4.291,1566.4,4.737,21.1,68.3,Tier 3 - Moderately Suitable,All India,48.4,97.0,85.0,75.0
27.406,88.5056,4.19,4.193,1530.6,4.546,20.9,67.1,Tier 3 - Moderately Suitable,All India,45.8,97.0,85.0,75.0
27.406,92.3556,4.32,4.319,1576.5,4.636,21.7,63.6,Tier 3 - Moderately Suitable,All India,49.2,96.7,85.0,50.0
27.406,92.7056,4.28,4.277,1561.2,4.662,22.0,63.1,Tier 3 - Moderately Suitable,All India,48.0,96.5,85.0,50.0
27.406,93.0556,4.21,4.211,1537.2,4.678,21.1,62.4,Tier 3 - Moderately Suitable,All India,46.2,97.0,85.0,50.0
27.406,93.4056,4.19,4.192,1530.2,4.659,22.6,62.0,Tier 3 - Moderately Suitable,All India,45.7,96.2,85.0,50.0
27.406,93.7556,4.22,4.221,1540.7,4.425,21.5,62.4,Tier 3 - Moderately Suitable,All India,46.5,96.8,85.0,50.0
27.406,94.1056,4.22,4.225,1542.0,4.469,21.3,62.5,Tier 3 - Moderately Suitable,All India,46.6,96.8,85.0,50.0
27.406,94.4556,4.36,4.357,1590.2,4.609,21.0,64.1,Tier 3 - Moderately Suitable,All India,50.2,97.0,85.0,50.0
27.406,94.8056,4.19,4.191,1529.6,4.423,22.3,62.0,Tier 3 - Moderately Suitable,All India,45.7,96.3,85.0,50.0
27.406,95.1556,4.27,4.265,1556.8,4.556,22.6,62.9,Tier 3 - Moderately Suitable,All India,47.7,96.2,85.0,50.0
27.406,95.5056,4.2,4.205,1534.8,4.541,21.3,62.3,Tier 3 - Moderately Suitable,All India,46.1,96.8,85.0,50.0
27.406,95.8556,4.19,4.193,1530.4,4.546,22.2,62.1,Tier 3 - Moderately Suitable,All India,45.8,96.4,85.0,50.0
27.406,96.2056,4.35,4.355,1589.5,4.659,22.1,64.0,Tier 3 - Moderately Suitable,All India,50.1,96.5,85.0,50.0
27.406,96.5556,4.37,4.369,1594.7,4.619,21.7,64.2,Tier 3 - Moderately Suitable,All India,50.5,96.7,85.0,50.0
27.406,96.9056,4.2,4.204,1534.4,4.511,21.3,62.3,Tier 3 - Moderately Suitable,All India,46.1,96.8,85.0,50.0
27.756,70.3056,6.11,6.107,2228.9,6.639,21.2,97.6,Tier 1 - Prime Location,All India,97.5,96.9,98.0,98.0
27.756,70.6556,6.06,6.063,2213.1,6.555,21.8,97.0,Tier 1 - Prime Location,All India,96.3,96.6,98.0,98.0
27.756,71.3556,6.12,6.119,2233.4,6.723,21.9,97.7,Tier 1 - Prime Location,All India,97.8,96.5,98.0,98.0
27.756,71.7056,6.25,6.246,2279.6,6.846,21.9,98.7,Tier 1 - Prime Location,All India,100.0,96.5,98.0,98.0
27.756,72.0556,6.09,6.09,2222.7,6.68,22.3,97.3,Tier 1 - Prime Location,All India,97.0,96.3,98.0,98.0
27.756,72.4056,6.04,6.038,2204.0,6.656,20.7,96.8,Tier 1 - Prime Location,All India,95.6,97.2,98.0,98.0
27.756,72.7556,6.02,6.015,2195.6,6.379,20.8,96.5,Tier 1 - Prime Location,All India,95.0,97.1,98.0,98.0
27.756,73.1056,5.98,5.976,2181.3,6.46,21.5,96.0,Tier 1 - Prime Location,All India,93.9,96.8,98.0,98.0
27.756,73.4556,5.99,5.991,2186.9,6.538,21.3,96.2,Tier 1 - Prime Location,All India,94.4,96.8,98.0,98.0
27.756,73.8056,5.99,5.993,2187.5,6.38,21.7,96.2,Tier 1 - Prime Location,All India,94.4,96.7,98.0,98.0
27.756,74.1556,6.0,5.997,2188.8,6.37,21.8,96.2,Tier 1 - Prime Location,All India,94.5,96.6,98.0,98.0
27.756,74.5056,5.97,5.969,2178.6,6.443,20.9,95.9,Tier 1 - Prime Location,All India,93.8,97.0,98.0,98.0
27.756,74.8556,5.9,5.898,2152.7,6.27,21.3,95.1,Tier 1 - Prime Location,All India,91.8,96.8,98.0,98.0
27.756,75.2056,5.96,5.963,2176.5,6.311,20.9,95.9,Tier 1 - Prime Location,All India,93.6,97.0,98.0,98.0
27.756,75.5556,5.85,5.853,2136.4,6.372,20.6,94.6,Tier 1 - Prime Location,All India,90.6,97.2,98.0,98.0
27.756,75.9056,5.83,5.831,2128.5,6.181,20.7,94.3,Tier 1 - Prime Location,All India,90.0,97.2,98.0,98.0
27.756,76.2556,5.05,5.046,1841.9,5.46,21.8,77.5,Tier 2 - Highly Suitable,All India,68.8,96.6,85.0,75.0
27.756,76.6056,5.04,5.042,1840.3,5.369,21.4,77.4,Tier 2 - Highly Suitable,All India,68.7,96.8,85.0,75.0
27.756,76.9556,5.01,5.005,1826.8,5.497,21.6,77.0,Tier 2 - Highly Suitable,All India,67.7,96.7,85.0,75.0
27.756,77.3056,4.9,4.897,1787.4,5.38,21.0,75.7,Tier 2 - Highly Suitable,All India,64.8,97.0,85.0,75.0
27.756,77.6556,5.03,5.033,1837.1,5.328,21.6,77.3,Tier 2 - Highly Suitable,All India,68.5,96.7,85.0,75.0
27.756,78.0056,5.01,5.007,1827.6,5.482,21.1,77.0,Tier 2 - Highly Suitable,All India,67.8,97.0,85.0,75.0
27.756,78.3556,5.01,5.007,1827.7,5.476,21.1,77.0,Tier 2 - Highly Suitable,All India,67.8,97.0,85.0,75.0
27.756,78.7056,4.93,4.929,1799.1,5.371,20.6,76.1,Tier 2 - Highly Suitable,All India,65.6,97.2,85.0,75.0
27.756,79.0556,4.98,4.977,1816.7,5.487,21.9,76.6,Tier 2 - Highly Suitable,All India,66.9,96.5,85.0,75.0
27.756,79.4056,4.97,4.969,1813.8,5.314,21.9,76.5,Tier 2 - Highly Suitable,All India,66.7,96.5,85.0,75.0
27.756,79.7556,4.93,4.933,1800.6,5.249,22.1,76.1,Tier 2 - Highly Suitable,All India,65.8,96.5,85.0,75.0
27.756,80.1056,4.92,4.916,1794.3,5.386,21.8,75.9,Tier 2 - Highly Suitable,All India,65.3,96.6,85.0,75.0
27.756,80.4556,4.97,4.973,1815.0,5.322,21.9,76.6,Tier 2 - Highly Suitable,All India,66.8,96.5,85.0,75.0
27.756,80.8056,5.07,5.069,1850.1,5.484,22.2,77.7,Tier 2 - Highly Suitable,All India,69.4,96.4,85.0,75.0
27.756,81.1556,5.07,5.067,1849.6,5.334,22.3,77.7,Tier 2 - Highly Suitable,All India,69.4,96.3,85.0,75.0
27.756,81.5056,4.92,4.921,1796.2,5.368,20.8,76.0,Tier 2 - Highly Suitable,All India,65.4,97.1,85.0,75.0
27.756,81.8556,4.91,4.906,1790.8,5.24,22.2,75.7,Tier 2 - Highly Suitable,All India,65.0,96.4,85.0,75.0
27.756,82.2056,5.07,5.069,1850.1,5.453,21.4,77.8,Tier 2 - Highly Suitable,All India,69.4,96.8,85.0,75.0
27.756,88.5056,4.21,4.211,1537.1,4.453,20.9,67.4,Tier 3 - Moderately Suitable,All India,46.2,97.0,85.0,75.0
27.756,88.8556,4.29,4.291,1566.3,4.547,21.5,68.3,Tier 3 - Moderately Suitable,All India,48.4,96.8,85.0,75.0
27.756,91.6556,4.3,4.296,1568.2,4.695,21.3,63.4,Tier 3 - Moderately Suitable,All India,48.5,96.8,85.0,50.0
27.756,92.0056,4.27,4.273,1559.6,4.685,21.7,63.1,Tier 3 - Moderately Suitable,All India,47.9,96.7,85.0,50.0
27.756,92.3556,4.22,4.223,1541.4,4.648,20.7,62.5,Tier 3 - Moderately Suitable,All India,46.6,97.2,85.0,50.0
27.756,92.7056,4.27,4.269,1558.0,4.575,21.8,63.0,Tier 3 - Moderately Suitable,All India,47.8,96.6,85.0,50.0
27.756,93.0556,4.25,4.254,1552.8,4.7,20.8,62.9,Tier 3 - Moderately Suitable,All India,47.4,97.1,85.0,50.0
27.756,93.4056,4.28,4.28,1562.4,4.651,21.6,63.2,Tier 3 - Moderately Suitable,All India,48.1,96.7,85.0,50.0
27.756,93.7556,4.37,4.366,1593.5,4.636,21.9,64.2,Tier 3 - Moderately Suitable,All India,50.4,96.5,85.0,50.0
27.756,94.1056,4.3,4.305,1571.3,4.584,21.7,63.5,Tier 3 - Moderately Suitable,All India,48.8,96.7,85.0,50.0
27.756,94.4556,4.25,4.252,1552.0,4.523,20.9,62.9,Tier 3 - Moderately Suitable,All India,47.4,97.0,85.0,50.0
27.756,94.8056,4.32,4.317,1575.8,4.775,21.9,63.6,Tier 3 - Moderately Suitable,All India,49.1,96.5,85.0,50.0
27.756,95.1556,4.36,4.358,1590.6,4.697,21.1,64.1,Tier 3 - Moderately Suitable,All India,50.2,97.0,85.0,50.0
27.756,95.5056,4.27,4.27,1558.6,4.468,21.1,63.1,Tier 3 - Moderately Suitable,All India,47.8,97.0,85.0,50.0
27.756,95.8556,4.2,4.197,1532.0,4.452,21.4,62.2,Tier 3 - Moderately Suitable,All India,45.9,96.8,85.0,50.0
27.756,96.2056,4.21,4.21,1536.8,4.665,22.4,62.2,Tier 3 - Moderately Suitable,All India,46.2,96.3,85.0,50.0
27.756,96.5556,4.21,4.206,1535.1,4.684,22.0,62.2,Tier 3 - Moderately Suitable,All India,46.1,96.5,85.0,50.0
27.756,96.9056,4.28,4.276,1560.8,4.482,20.9,63.2,Tier 3 - Moderately Suitable,All India,48.0,97.0,85.0,50.0
28.106,72.0556,6.13,6.127,2236.3,6.762,21.8,97.8,Tier 1 - Prime Location,All India,98.0,96.6,98.0,98.0
28.106,72.4056,6.12,6.124,2235.3,6.493,20.9,97.8,Tier 1 - Prime Location,All India,97.9,97.0,98.0,98.0
28.106,72.7556,6.12,6.121,2234.1,6.737,21.9,97.7,Tier 1 - Prime Location,All India,97.9,96.5,98.0,98.0
28.106,73.1056,6.02,6.02,2197.4,6.499,21.4,96.5,Tier 1 - Prime Location,All India,95.1,96.8,98.0,98.0
28.106,73.4556,5.94,5.944,2169.7,6.329,21.1,95.6,Tier 1 - Prime Location,All India,93.1,97.0,98.0,98.0
28.106,73.8056,6.04,6.042,2205.5,6.466,20.8,96.8,Tier 1 - Prime Location,All India,95.7,97.1,98.0,98.0
28.106,74.1556,5.95,5.955,2173.5,6.288,20.8,95.8,Tier 1 - Prime Location,All India,93.4,97.1,98.0,98.0
28.106,74.5056,6.0,6.004,2191.3,6.419,20.9,96.4,Tier 1 - Prime Location,All India,94.7,97.0,98.0,98.0
28.106,74.8556,5.91,5.911,2157.6,6.471,21.4,95.2,Tier 1 - Prime Location,All India,92.2,96.8,98.0,98.0
28.106,75.2056,5.9,5.901,2153.9,6.243,21.8,95.1,Tier 1 - Prime Location,All India,91.9,96.6,98.0,98.0
28.106,75.5556,5.93,5.934,2165.9,6.406,21.1,95.5,Tier 1 - Prime Location,All India,92.8,97.0,98.0,98.0
28.106,75.9056,5.93,5.933,2165.4,6.332,21.9,95.4,Tier 1 - Prime Location,All India,92.8,96.5,98.0,98.0
28.106,76.2556,5.02,5.024,1833.8,5.35,21.0,77.2,Tier 2 - Highly Suitable,All India,68.2,97.0,85.0,75.0
28.106,76.6056,5.01,5.005,1826.8,5.409,21.0,77.0,Tier 2 - Highly Suitable,All India,67.7,97.0,85.0,75.0
28.106,76.9556,4.96,4.957,1809.4,5.403,22.3,76.3,Tier 2 - Highly Suitable,All India,66.4,96.3,85.0,75.0
28.106,77.3056,4.96,4.956,1809.0,5.345,22.2,76.3,Tier 2 - Highly Suitable,All India,66.4,96.4,85.0,75.0
28.106,77.6556,4.9,4.897,1787.3,5.381,22.2,75.6,Tier 2 - Highly Suitable,All India,64.8,96.4,85.0,75.0
28.106,78.0056,5.02,5.021,1832.5,5.483,21.9,77.1,Tier 2 - Highly Suitable,All India,68.1,96.5,85.0,75.0
28.106,78.3556,4.97,4.965,1812.2,5.248,21.2,76.5,Tier 2 - Highly Suitable,All India,66.6,96.9,85.0,75.0
28.106,78.7056,4.97,4.971,1814.5,5.272,20.8,76.6,Tier 2 - Highly Suitable,All India,66.8,97.1,85.0,75.0
28.106,79.0556,4.94,4.939,1802.9,5.382,21.9,76.1,Tier 2 - Highly Suitable,All India,65.9,96.5,85.0,75.0
28.106,79.4056,5.03,5.032,1836.7,5.372,21.7,77.3,Tier 2 - Highly Suitable,All India,68.4,96.7,85.0,75.0
28.106,79.7556,4.95,4.949,1806.4,5.215,21.6,76.3,Tier 2 - Highly Suitable,All India,66.2,96.7,85.0,75.0
28.106,80.1056,4.99,4.993,1822.3,5.335,21.5,76.8,Tier 2 - Highly Suitable,All India,67.4,96.8,85.0,75.0
28.106,80.4556,4.89,4.886,1783.5,5.297,21.7,75.5,Tier 2 - Highly Suitable,All India,64.5,96.7,85.0,75.0
28.106,80.8056,4.87,4.87,1777.4,5.171,21.7,75.3,Tier 2 - Highly Suitable,All India,64.1,96.7,85.0,75.0
28.106,81.1556,5.01,5.009,1828.3,5.395,21.5,77.0,Tier 2 - Highly Suitable,All India,67.8,96.8,85.0,75.0
28.106,92.7056,4.9,4.895,1786.7,5.396,22.2,70.6,Tier 2 - Highly Suitable,All India,64.7,96.4,85.0,50.0
28.106,93.0556,4.96,4.958,1809.8,5.351,21.1,71.4,Tier 2 - Highly Suitable,All India,66.4,97.0,85.0,50.0
28.106,93.4056,4.91,4.912,1792.7,5.263,21.6,70.8,Tier 2 - Highly Suitable,All India,65.2,96.7,85.0,50.0
28.106,93.7556,4.94,4.943,1804.3,5.194,21.6,71.2,Tier 2 - Highly Suitable,All India,66.0,96.7,85.0,50.0
28.106,94.1056,4.87,4.87,1777.6,5.409,21.7,70.3,Tier 2 - Highly Suitable,All India,64.1,96.7,85.0,50.0
28.106,94.4556,5.0,4.997,1824.0,5.501,21.7,71.9,Tier 2 - Highly Suitable,All India,67.5,96.7,85.0,50.0
28.106,94.8056,4.87,4.866,1776.1,5.387,22.3,70.2,Tier 2 - Highly Suitable,All India,63.9,96.3,85.0,50.0
28.106,95.1556,4.94,4.943,1804.3,5.481,22.4,71.2,Tier 2 - Highly Suitable,All India,66.0,96.3,85.0,50.0
28.106,95.5056,4.96,4.96,1810.5,5.375,21.2,71.5,Tier 2 - Highly Suitable,All India,66.5,96.9,85.0,50.0
28.106,95.8556,4.93,4.928,1798.6,5.461,22.1,71.0,Tier 2 - Highly Suitable,All India,65.6,96.5,85.0,50.0
28.106,96.2056,4.87,4.872,1778.4,5.35,21.7,70.3,Tier 2 - Highly Suitable,All India,64.1,96.7,85.0,50.0
28.106,96.5556,5.01,5.006,1827.0,5.544,20.9,72.0,Tier 2 - Highly Suitable,All India,67.7,97.0,85.0,50.0
28.106,96.9056,4.99,4.987,1820.3,5.364,21.5,71.8,Tier 2 - Highly Suitable,All India,67.2,96.8,85.0,50.0
28.106,97.2556,4.93,4.929,1798.9,5.397,22.2,71.0,Tier 2 - Highly Suitable,All India,65.6,96.4,85.0,50.0
28.456,72.4056,6.14,6.138,2240.3,6.481,21.5,98.0,Tier 1 - Prime Location,All India,98.3,96.8,98.0,98.0
28.456,72.7556,6.12,6.122,2234.6,6.531,20.3,97.9,Tier 1 - Prime Location,All India,97.9,97.3,98.0,98.0
28.456,73.1056,6.14,6.14,2241.3,6.693,21.6,98.0,Tier 1 - Prime Location,All India,98.4,96.7,98.0,98.0
28.456,73.4556,5.96,5.959,2175.2,6.453,21.5,95.8,Tier 1 - Prime Location,All India,93.5,96.8,98.0,98.0
28.456,73.8056,6.02,6.025,2199.1,6.463,20.7,96.6,Tier 1 - Prime Location,All India,95.3,97.2,98.0,98.0
28.456,74.1556,6.08,6.078,2218.6,6.589,20.5,97.3,Tier 1 - Prime Location,All India,96.7,97.2,98.0,98.0
28.456,74.5056,5.99,5.991,2186.7,6.348,20.9,96.2,Tier 1 - Prime Location,All India,94.4,97.0,98.0,98.0
28.456,74.8556,5.95,5.948,2170.9,6.402,20.4,95.7,Tier 1 - Prime Location,All India,93.2,97.3,98.0,98.0
28.456,75.2056,5.98,5.98,2182.8,6.478,20.8,96.1,Tier 1 - Prime Location,All India,94.1,97.1,98.0,98.0
28.456,75.5556,5.83,5.832,2128.6,6.168,21.1,94.3,Tier 1 - Prime Location,All India,90.1,97.0,98.0,98.0
28.456,75.9056,5.83,5.835,2129.7,6.443,21.1,94.3,Tier 1 - Prime Location,All India,90.1,97.0,98.0,98.0
28.456,76.2556,5.04,5.036,1838.3,5.4,22.3,77.3,Tier 2 - Highly Suitable,All India,68.5,96.3,85.0,75.0
28.456,76.6056,4.89,4.893,1786.0,5.334,20.7,75.7,Tier 2 - Highly Suitable,All India,64.7,97.2,85.0,75.0
28.456,76.9556,4.96,4.96,1810.5,5.446,21.6,76.4,Tier 2 - Highly Suitable,All India,66.5,96.7,85.0,75.0
28.456,77.3056,5.01,5.012,1829.4,5.283,20.9,77.1,Tier 2 - Highly Suitable,All India,67.9,97.0,85.0,75.0
28.456,77.6556,4.9,4.897,1787.4,5.301,22.1,75.6,Tier 2 - Highly Suitable,All India,64.8,96.5,85.0,75.0
28.456,78.0056,4.86,4.859,1773.5,5.284,21.6,75.2,Tier 2 - Highly Suitable,All India,63.8,96.7,85.0,75.0
28.456,78.3556,4.98,4.979,1817.5,5.409,21.6,76.7,Tier 2 - Highly Suitable,All India,67.0,96.7,85.0,75.0
28.456,78.7056,5.04,5.037,1838.7,5.323,21.0,77.4,Tier 2 - Highly Suitable,All India,68.6,97.0,85.0,75.0
28.456,79.0556,5.02,5.022,1832.9,5.525,21.0,77.2,Tier 2 - Highly Suitable,All India,68.2,97.0,85.0,75.0
28.456,79.4056,4.87,4.865,1775.8,5.225,21.3,75.3,Tier 2 - Highly Suitable,All India,63.9,96.8,85.0,75.0
28.456,79.7556,4.99,4.987,1820.1,5.532,20.4,76.8,Tier 2 - Highly Suitable,All India,67.2,97.3,85.0,75.0
28.456,80.1056,4.98,4.985,1819.4,5.378,21.2,76.8,Tier 2 - Highly Suitable,All India,67.2,96.9,85.0,75.0
28.456,80.4556,4.9,4.897,1787.5,5.229,20.8,75.7,Tier 2 - Highly Suitable,All India,64.8,97.1,85.0,75.0
28.456,80.8056,4.88,4.88,1781.1,5.394,21.1,75.5,Tier 2 - Highly Suitable,All India,64.3,97.0,85.0,75.0
28.456,93.4056,4.95,4.953,1807.8,5.468,21.1,71.4,Tier 2 - Highly Suitable,All India,66.3,97.0,85.0,50.0
28.456,93.7556,5.02,5.023,1833.2,5.5,22.1,72.2,Tier 2 - Highly Suitable,All India,68.2,96.5,85.0,50.0
28.456,94.1056,4.97,4.967,1813.0,5.442,20.7,71.6,Tier 2 - Highly Suitable,All India,66.7,97.2,85.0,50.0
28.456,94.4556,4.89,4.894,1786.3,5.306,21.5,70.6,Tier 2 - Highly Suitable,All India,64.7,96.8,85.0,50.0
28.456,94.8056,4.85,4.853,1771.3,5.217,22.2,70.1,Tier 2 - Highly Suitable,All India,63.6,96.4,85.0,50.0
28.456,95.1556,5.02,5.023,1833.4,5.511,22.0,72.2,Tier 2 - Highly Suitable,All India,68.2,96.5,85.0,50.0
28.456,95.5056,4.91,4.912,1792.9,5.441,21.6,70.8,Tier 2 - Highly Suitable,All India,65.2,96.7,85.0,50.0
28.456,95.8556,4.93,4.934,1801.0,5.32,20.6,71.2,Tier 2 - Highly Suitable,All India,65.8,97.2,85.0,50.0
28.456,96.2056,4.86,4.858,1773.3,5.241,21.1,70.2,Tier 2 - Highly Suitable,All India,63.7,97.0,85.0,50.0
28.456,96.5556,4.92,4.922,1796.4,5.263,21.6,71.0,Tier 2 - Highly Suitable,All India,65.5,96.7,85.0,50.0
28.806,72.7556,6.12,6.12,2233.6,6.644,22.0,97.7,Tier 1 - Prime Location,All India,97.8,96.5,98.0,98.0
28.806,73.1056,6.08,6.082,2220.1,6.667,21.4,97.3,Tier 1 - Prime Location,All India,96.8,96.8,98.0,98.0
28.806,73.4556,6.08,6.076,2217.6,6.55,21.0,97.2,Tier 1 - Prime Location,All India,96.6,97.0,98.0,98.0
28.806,73.8056,6.01,6.011,2193.9,6.371,21.8,96.4,Tier 1 - Prime Location,All India,94.9,96.6,98.0,98.0
28.806,74.1556,5.96,5.962,2176.0,6.426,20.4,95.9,Tier 1 - Prime Location,All India,93.6,97.3,98.0,98.0
28.806,74.5056,6.04,6.035,2202.8,6.633,20.6,96.8,Tier 1 - Prime Location,All India,95.5,97.2,98.0,98.0
28.806,74.8556,5.83,5.827,2126.8,6.311,20.2,94.3,Tier 1 - Prime Location,All India,89.9,97.4,98.0,98.0
28.806,75.2056,5.95,5.953,2172.9,6.28,21.4,95.7,Tier 1 - Prime Location,All India,93.3,96.8,98.0,98.0
28.806,75.5556,5.79,5.79,2113.4,6.21,21.0,93.8,Tier 1 - Prime Location,All India,88.9,97.0,98.0,98.0
28.806,75.9056,5.91,5.906,2155.6,6.355,21.1,95.2,Tier 1 - Prime Location,All India,92.1,97.0,98.0,98.0
28.806,76.2556,4.92,4.918,1795.1,5.334,20.3,76.0,Tier 2 - Highly Suitable,All India,65.4,97.3,85.0,75.0
28.806,76.6056,4.89,4.887,1783.6,5.375,20.8,75.6,Tier 2 - Highly Suitable,All India,64.5,97.1,85.0,75.0
28.806,76.9556,4.93,4.935,1801.2,5.201,20.6,76.2,Tier 2 - Highly Suitable,All India,65.8,97.2,85.0,75.0
28.806,77.3056,4.89,4.888,1784.2,5.157,21.9,75.5,Tier 2 - Highly Suitable,All India,64.5,96.5,85.0,75.0
28.806,77.6556,4.88,4.876,1779.8,5.376,21.1,75.4,Tier 2 - Highly Suitable,All India,64.2,97.0,85.0,75.0
28.806,78.0056,4.84,4.84,1766.8,5.106,21.3,75.0,Tier 2 - Highly Suitable,All India,63.2,96.8,85.0,75.0
28.806,78.3556,5.01,5.014,1830.0,5.325,20.9,77.1,Tier 2 - Highly Suitable,All India,67.9,97.0,85.0,75.0
28.806,78.7056,4.93,4.933,1800.5,5.341,20.9,76.1,Tier 2 - Highly Suitable,All India,65.8,97.0,85.0,75.0
28.806,79.0556,5.01,5.008,1828.0,5.424,20.8,77.1,Tier 2 - Highly Suitable,All India,67.8,97.1,85.0,75.0
28.806,79.4056,4.91,4.914,1793.8,5.242,20.2,76.0,Tier 2 - Highly Suitable,All India,65.2,97.4,85.0,75.0
28.806,79.7556,4.98,4.982,1818.5,5.307,21.5,76.7,Tier 2 - Highly Suitable,All India,67.1,96.8,85.0,75.0
28.806,80.1056,5.02,5.02,1832.2,5.405,20.8,77.2,Tier 2 - Highly Suitable,All India,68.1,97.1,85.0,75.0
28.806,94.1056,4.87,4.868,1776.7,5.165,21.7,70.3,Tier 2 - Highly Suitable,All India,64.0,96.7,85.0,50.0
28.806,94.4556,4.98,4.976,1816.1,5.516,22.0,71.6,Tier 2 - Highly Suitable,All India,66.9,96.5,85.0,50.0
28.806,94.8056,4.88,4.875,1779.6,5.198,21.9,70.4,Tier 2 - Highly Suitable,All India,64.2,96.5,85.0,50.0
28.806,95.1556,4.93,4.934,1800.9,5.366,21.6,71.1,Tier 2 - Highly Suitable,All India,65.8,96.7,85.0,50.0
28.806,95.5056,4.88,4.878,1780.3,5.158,20.9,70.5,Tier 2 - Highly Suitable,All India,64.3,97.0,85.0,50.0
28.806,95.8556,5.0,5.001,1825.5,5.275,22.0,71.9,Tier 2 - Highly Suitable,All India,67.6,96.5,85.0,50.0
28.806,96.2056,4.99,4.994,1822.9,5.501,20.2,71.9,Tier 2 - Highly Suitable,All India,67.4,97.4,85.0,50.0
28.806,96.5556,4.87,4.872,1778.2,5.292,21.5,70.4,Tier 2 - Highly Suitable,All India,64.1,96.8,85.0,50.0
29.156,73.1056,6.06,6.062,2212.5,6.513,20.5,97.1,Tier 1 - Prime Location,All India,96.3,97.2,98.0,98.0
29.156,73.4556,6.06,6.057,2210.7,6.647,20.5,97.0,Tier 1 - Prime Location,All India,96.1,97.2,98.0,98.0
29.156,73.8056,5.88,5.884,2147.8,6.293,21.7,94.9,Tier 1 - Prime Location,All India,91.5,96.7,98.0,98.0
29.156,74.1556,5.92,5.924,2162.4,6.34,20.4,95.4,Tier 1 - Prime Location,All India,92.5,97.3,98.0,98.0
29.156,74.5056,5.99,5.992,2187.1,6.391,21.0,96.2,Tier 1 - Prime Location,All India,94.4,97.0,98.0,98.0
29.156,74.8556,6.01,6.01,2193.7,6.543,20.0,96.5,Tier 1 - Prime Location,All India,94.9,97.5,98.0,98.0
29.156,75.2056,5.85,5.846,2133.8,6.262,20.7,94.5,Tier 1 - Prime Location,All India,90.4,97.2,98.0,98.0
29.156,75.5556,5.83,5.834,2129.4,6.262,20.9,94.3,Tier 1 - Prime Location,All India,90.1,97.0,98.0,98.0
29.156,75.9056,5.76,5.756,2100.8,6.12,21.9,93.3,Tier 1 - Prime Location,All India,88.0,96.5,98.0,98.0
29.156,76.2556,4.9,4.902,1789.3,5.151,21.4,75.7,Tier 2 - Highly Suitable,All India,64.9,96.8,85.0,75.0
29.156,76.6056,4.91,4.907,1791.1,5.41,20.9,75.8,Tier 2 - Highly Suitable,All India,65.1,97.0,85.0,75.0
29.156,76.9556,4.98,4.984,1819.3,5.287,21.9,76.7,Tier 2 - Highly Suitable,All India,67.1,96.5,85.0,75.0
29.156,77.3056,4.83,4.828,1762.2,5.364,20.8,74.9,Tier 2 - Highly Suitable,All India,62.9,97.1,85.0,75.0
29.156,77.6556,4.99,4.989,1821.2,5.447,21.0,76.8,Tier 2 - Highly Suitable,All India,67.3,97.0,85.0,75.0
29.156,78.0056,4.91,4.905,1790.4,5.171,21.2,75.8,Tier 2 - Highly Suitable,All India,65.0,96.9,85.0,75.0
29.156,78.3556,4.84,4.836,1765.1,5.179,20.3,75.0,Tier 2 - Highly Suitable,All India,63.1,97.3,85.0,75.0
29.156,78.7056,4.87,4.866,1776.2,5.236,21.6,75.3,Tier 2 - Highly Suitable,All India,63.9,96.7,85.0,75.0
29.156,79.0556,4.91,4.912,1792.9,5.211,20.8,75.9,Tier 2 - Highly Suitable,All India,65.2,97.1,85.0,75.0
29.156,79.4056,5.0,4.996,1823.5,5.526,21.8,76.8,Tier 2 - Highly Suitable,All India,67.5,96.6,85.0,75.0
29.156,79.7556,4.85,4.854,1771.7,5.185,21.6,75.1,Tier 2 - Highly Suitable,All India,63.6,96.7,85.0,75.0
29.156,80.1056,4.92,4.919,1795.3,5.377,21.6,75.9,Tier 2 - Highly Suitable,All India,65.4,96.7,85.0,75.0
29.156,94.4556,4.95,4.953,1807.9,5.466,20.6,71.4,Tier 2 - Highly Suitable,All India,66.3,97.2,85.0,50.0
29.156,94.8056,4.84,4.839,1766.2,5.155,20.1,70.1,Tier 2 - Highly Suitable,All India,63.2,97.5,85.0,50.0
29.156,95.8556,4.97,4.968,1813.3,5.48,21.2,71.6,Tier 2 - Highly Suitable,All India,66.7,96.9,85.0,50.0
29.156,96.2056,4.91,4.911,1792.6,5.26,20.6,70.9,Tier 2 - Highly Suitable,All India,65.2,97.2,85.0,50.0
29.506,73.4556,4.94,4.939,1802.7,5.437,20.2,76.3,Tier 2 - Highly Suitable,All India,65.9,97.4,85.0,75.0
29.506,73.8056,4.96,4.965,1812.1,5.265,20.7,76.6,Tier 2 - Highly Suitable,All India,66.6,97.2,85.0,75.0
29.506,74.1556,4.96,4.964,1812.0,5.322,19.8,76.6,Tier 2 - Highly Suitable,All India,66.6,97.6,85.0,75.0
29.506,74.5056,4.98,4.975,1816.0,5.238,21.1,76.6,Tier 2 - Highly Suitable,All India,66.9,97.0,85.0,75.0
29.506,74.8556,4.86,4.862,1774.6,5.299,20.6,75.3,Tier 2 - Highly Suitable,All India,63.8,97.2,85.0,75.0
29.506,75.2056,4.9,4.902,1789.2,5.288,20.2,75.8,Tier 2 - Highly Suitable,All India,64.9,97.4,85.0,75.0
29.506,75.5556,4.9,4.901,1788.8,5.17,20.8,75.8,Tier 2 - Highly Suitable,All India,64.9,97.1,85.0,75.0
29.506,75.9056,4.99,4.992,1822.2,5.345,20.6,76.9,Tier 2 - Highly Suitable,All India,67.4,97.2,85.0,75.0
29.506,76.2556,4.81,4.806,1754.1,5.133,20.9,74.6,Tier 2 - Highly Suitable,All India,62.3,97.0,85.0,75.0
29.506,76.6056,4.96,4.957,1809.3,5.501,20.5,76.5,Tier 2 - Highly Suitable,All India,66.4,97.2,85.0,75.0
29.506,76.9556,4.94,4.938,1802.5,5.394,20.9,76.2,Tier 2 - Highly Suitable,All India,65.9,97.0,85.0,75.0
29.506,77.3056,4.86,4.857,1772.9,5.363,19.9,75.3,Tier 2 - Highly Suitable,All India,63.7,97.5,85.0,75.0
29.506,77.6556,4.99,4.988,1820.6,5.322,21.1,76.8,Tier 2 - Highly Suitable,All India,67.2,97.0,85.0,75.0
29.506,78.0056,4.97,4.967,1812.9,5.24,21.5,76.5,Tier 2 - Highly Suitable,All India,66.7,96.8,85.0,75.0
29.506,78.3556,4.85,4.855,1772.0,5.192,20.2,75.3,Tier 2 - Highly Suitable,All India,63.6,97.4,85.0,75.0
29.506,78.7056,4.98,4.979,1817.2,5.326,20.0,76.8,Tier 2 - Highly Suitable,All India,67.0,97.5,85.0,75.0
29.506,79.0556,4.94,4.936,1801.6,5.313,21.1,76.2,Tier 2 - Highly Suitable,All India,65.8,97.0,85.0,75.0
29.506,79.4056,4.9,4.9,1788.6,5.331,20.7,75.8,Tier 2 - Highly Suitable,All India,64.9,97.2,85.0,75.0
29.506,79.7556,4.89,4.887,1783.8,5.327,21.3,75.6,Tier 2 - Highly Suitable,All India,64.5,96.8,85.0,75.0
29.506,80.1056,4.94,4.941,1803.6,5.392,20.9,76.2,Tier 2 - Highly Suitable,All India,66.0,97.0,85.0,75.0
29.856,73.4556,4.96,4.965,1812.1,5.457,21.3,76.5,Tier 2 - Highly Suitable,All India,66.6,96.8,85.0,75.0
29.856,73.8056,4.92,4.924,1797.4,5.221,19.9,76.1,Tier 2 - Highly Suitable,All India,65.5,97.5,85.0,75.0
29.856,74.1556,4.88,4.88,1781.3,5.4,21.2,75.5,Tier 2 - Highly Suitable,All India,64.3,96.9,85.0,75.0
29.856,74.5056,4.87,4.866,1775.9,5.21,20.6,75.4,Tier 2 - Highly Suitable,All India,63.9,97.2,85.0,75.0
29.856,74.8556,4.85,4.848,1769.7,5.331,20.5,75.1,Tier 2 - Highly Suitable,All India,63.5,97.2,85.0,75.0
29.856,75.2056,4.85,4.847,1769.2,5.111,21.1,75.1,Tier 2 - Highly Suitable,All India,63.4,97.0,85.0,75.0
29.856,75.5556,4.89,4.893,1786.1,5.341,21.5,75.6,Tier 2 - Highly Suitable,All India,64.7,96.8,85.0,75.0
29.856,75.9056,4.92,4.924,1797.4,5.413,19.7,76.1,Tier 2 - Highly Suitable,All India,65.5,97.7,85.0,75.0
29.856,76.2556,4.89,4.885,1783.0,5.302,19.6,75.7,Tier 2 - Highly Suitable,All India,64.5,97.7,85.0,75.0
29.856,76.6056,4.8,4.798,1751.4,5.11,20.3,74.6,Tier 2 - Highly Suitable,All India,62.1,97.3,85.0,75.0
29.856,76.9556,4.85,4.848,1769.6,5.321,20.9,75.1,Tier 2 - Highly Suitable,All India,63.5,97.0,85.0,75.0
29.856,77.3056,4.94,4.94,1803.1,5.343,20.5,76.3,Tier 2 - Highly Suitable,All India,65.9,97.2,85.0,75.0
29.856,77.6556,4.95,4.95,1806.8,5.486,21.1,76.3,Tier 2 - Highly Suitable,All India,66.2,97.0,85.0,75.0
29.856,78.0056,4.93,4.932,1800.3,5.295,21.1,76.1,Tier 2 - Highly Suitable,All India,65.7,97.0,85.0,75.0
29.856,78.3556,4.85,4.852,1771.1,5.206,20.5,75.2,Tier 2 - Highly Suitable,All India,63.6,97.2,85.0,75.0
29.856,78.7056,4.92,4.918,1795.0,5.413,21.0,76.0,Tier 2 - Highly Suitable,All India,65.4,97.0,85.0,75.0
29.856,79.0556,4.84,4.84,1766.7,5.212,20.5,75.0,Tier 2 - Highly Suitable,All India,63.2,97.2,85.0,75.0
29.856,79.4056,4.85,4.846,1768.9,5.379,20.5,75.1,Tier 2 - Highly Suitable,All India,63.4,97.2,85.0,75.0
29.856,79.7556,4.84,4.837,1765.6,5.291,20.5,75.0,Tier 2 - Highly Suitable,All India,63.2,97.2,85.0,75.0
29.856,80.1056,4.98,4.977,1816.7,5.27,20.1,76.7,Tier 2 - Highly Suitable,All India,66.9,97.5,85.0,75.0
29.856,80.4556,4.87,4.868,1776.9,5.371,20.8,75.4,Tier 2 - Highly Suitable,All India,64.0,97.1,85.0,75.0
30.206,74.1556,4.82,4.823,1760.3,5.177,20.0,74.9,Tier 2 - Highly Suitable,All India,62.8,97.5,85.0,75.0
30.206,74.5056,4.88,4.88,1781.2,5.349,20.4,75.5,Tier 2 - Highly Suitable,All India,64.3,97.3,85.0,75.0
30.206,74.8556,4.82,4.819,1759.1,5.209,20.5,74.8,Tier 2 - Highly Suitable,All India,62.7,97.2,85.0,75.0
30.206,75.2056,4.85,4.853,1771.3,5.32,21.0,75.2,Tier 2 - Highly Suitable,All India,63.6,97.0,85.0,75.0
30.206,75.5556,4.87,4.873,1778.6,5.124,19.5,75.5,Tier 2 - Highly Suitable,All India,64.1,97.8,85.0,75.0
30.206,75.9056,4.9,4.898,1787.6,5.337,20.3,75.8,Tier 2 - Highly Suitable,All India,64.8,97.3,85.0,75.0
30.206,76.2556,4.85,4.848,1769.4,5.127,21.2,75.1,Tier 2 - Highly Suitable,All India,63.5,96.9,85.0,75.0
30.206,76.6056,4.93,4.932,1800.4,5.229,21.1,76.1,Tier 2 - Highly Suitable,All India,65.7,97.0,85.0,75.0
30.206,76.9556,4.86,4.855,1772.2,5.225,20.7,75.2,Tier 2 - Highly Suitable,All India,63.6,97.2,85.0,75.0
30.206,77.3056,4.96,4.965,1812.2,5.388,20.3,76.6,Tier 2 - Highly Suitable,All India,66.6,97.3,85.0,75.0
30.206,77.6556,4.83,4.829,1762.4,5.13,20.0,75.0,Tier 2 - Highly Suitable,All India,62.9,97.5,85.0,75.0
30.206,78.0056,4.91,4.905,1790.4,5.431,20.6,75.8,Tier 2 - Highly Suitable,All India,65.0,97.2,85.0,75.0
30.206,78.3556,4.97,4.971,1814.4,5.293,20.7,76.6,Tier 2 - Highly Suitable,All India,66.8,97.2,85.0,75.0
30.206,78.7056,4.81,4.809,1755.3,5.085,19.5,74.7,Tier 2 - Highly Suitable,All India,62.4,97.8,85.0,75.0
30.206,79.0556,4.91,4.912,1793.0,5.336,19.9,76.0,Tier 2 - Highly Suitable,All India,65.2,97.5,85.0,75.0
30.206,79.4056,4.94,4.939,1802.8,5.474,20.7,76.2,Tier 2 - Highly Suitable,All India,65.9,97.2,85.0,75.0
30.206,79.7556,4.78,4.78,1744.7,5.171,20.4,74.3,Tier 2 - Highly Suitable,All India,61.6,97.3,85.0,75.0
30.206,80.1056,4.82,4.821,1759.6,5.111,21.0,74.8,Tier 2 - Highly Suitable,All India,62.7,97.0,85.0,75.0
30.206,80.4556,4.78,4.781,1745.2,5.223,20.8,74.3,Tier 2 - Highly Suitable,All India,61.6,97.1,85.0,75.0
30.206,80.8056,4.8,4.802,1752.7,5.147,20.4,74.6,Tier 2 - Highly Suitable,All India,62.2,97.3,85.0,75.0
30.556,74.1556,4.77,4.773,1742.1,5.212,20.3,74.2,Tier 2 - Highly Suitable,All India,61.4,97.3,85.0,75.0
30.556,74.5056,4.82,4.825,1761.0,5.102,20.4,74.9,Tier 2 - Highly Suitable,All India,62.8,97.3,85.0,75.0
30.556,74.8556,4.78,4.782,1745.4,5.109,20.6,74.3,Tier 2 - Highly Suitable,All India,61.7,97.2,85.0,75.0
30.556,75.2056,4.95,4.947,1805.6,5.321,20.5,76.3,Tier 2 - Highly Suitable,All India,66.1,97.2,85.0,75.0
30.556,75.5556,4.85,4.855,1771.9,5.224,20.6,75.2,Tier 2 - Highly Suitable,All India,63.6,97.2,85.0,75.0
30.556,75.9056,4.79,4.789,1747.8,5.254,20.2,74.4,Tier 2 - Highly Suitable,All India,61.9,97.4,85.0,75.0
30.556,76.2556,4.89,4.889,1784.5,5.14,19.3,75.7,Tier 2 - Highly Suitable,All India,64.6,97.8,85.0,75.0
30.556,76.6056,4.83,4.833,1764.0,5.361,20.7,74.9,Tier 2 - Highly Suitable,All India,63.1,97.2,85.0,75.0
30.556,76.9556,4.78,4.779,1744.2,5.08,19.4,74.4,Tier 2 - Highly Suitable,All India,61.6,97.8,85.0,75.0
30.556,77.3056,4.91,4.912,1792.9,5.357,20.9,75.9,Tier 2 - Highly Suitable,All India,65.2,97.0,85.0,75.0
30.556,77.6556,4.81,4.81,1755.8,5.295,19.9,74.7,Tier 2 - Highly Suitable,All India,62.4,97.5,85.0,75.0
30.556,78.0056,4.78,4.775,1742.9,5.039,20.6,74.2,Tier 2 - Highly Suitable,All India,61.5,97.2,85.0,75.0
30.556,78.3556,4.82,4.825,1761.1,5.228,19.7,74.9,Tier 2 - Highly Suitable,All India,62.8,97.7,85.0,75.0
30.556,78.7056,4.92,4.925,1797.6,5.261,21.2,76.0,Tier 2 - Highly Suitable,All India,65.5,96.9,85.0,75.0
30.556,79.0556,4.92,4.917,1794.7,5.336,20.3,76.0,Tier 2 - Highly Suitable,All India,65.3,97.3,85.0,75.0
30.556,79.4056,4.95,4.951,1807.0,5.337,20.8,76.4,Tier 2 - Highly Suitable,All India,66.2,97.1,85.0,75.0
30.556,79.7556,4.9,4.905,1790.2,5.404,20.1,75.9,Tier 2 - Highly Suitable,All India,65.0,97.5,85.0,75.0
30.556,80.1056,4.89,4.892,1785.4,5.325,20.1,75.7,Tier 2 - Highly Suitable,All India,64.6,97.5,85.0,75.0
30.906,74.5056,4.92,4.925,1797.5,5.296,20.5,76.1,Tier 2 - Highly Suitable,All India,65.5,97.2,85.0,75.0
30.906,74.8556,4.85,4.854,1771.7,5.316,19.9,75.3,Tier 2 - Highly Suitable,All India,63.6,97.5,85.0,75.0
30.906,75.2056,4.88,4.877,1780.1,5.316,21.0,75.5,Tier 2 - Highly Suitable,All India,64.2,97.0,85.0,75.0
30.906,75.5556,4.76,4.762,1738.1,5.288,20.0,74.1,Tier 2 - Highly Suitable,All India,61.1,97.5,85.0,75.0
30.906,75.9056,4.83,4.83,1762.8,5.124,20.7,74.9,Tier 2 - Highly Suitable,All India,63.0,97.2,85.0,75.0
30.906,76.2556,4.76,4.762,1738.2,5.228,21.0,74.1,Tier 2 - Highly Suitable,All India,61.1,97.0,85.0,75.0
30.906,76.6056,4.84,4.844,1768.1,5.218,20.5,75.1,Tier 2 - Highly Suitable,All India,63.4,97.2,85.0,75.0
30.906,76.9556,4.79,4.786,1746.8,5.251,19.1,74.5,Tier 2 - Highly Suitable,All India,61.8,98.0,85.0,75.0
30.906,77.3056,4.91,4.906,1790.8,5.179,19.6,75.9,Tier 2 - Highly Suitable,All India,65.0,97.7,85.0,75.0
30.906,77.6556,4.89,4.886,1783.2,5.144,20.8,75.6,Tier 2 - Highly Suitable,All India,64.5,97.1,85.0,75.0
30.906,78.0056,4.82,4.824,1760.7,5.12,20.6,74.8,Tier 2 - Highly Suitable,All India,62.8,97.2,85.0,75.0
30.906,78.3556,4.92,4.923,1796.8,5.287,19.1,76.2,Tier 2 - Highly Suitable,All India,65.5,98.0,85.0,75.0
30.906,78.7056,4.82,4.815,1757.6,5.065,19.9,74.8,Tier 2 - Highly Suitable,All India,62.6,97.5,85.0,75.0
30.906,79.0556,4.77,4.767,1740.1,5.064,20.6,74.2,Tier 2 - Highly Suitable,All India,61.3,97.2,85.0,75.0
30.906,79.4056,4.83,4.825,1761.3,5.334,19.3,75.0,Tier 2 - Highly Suitable,All India,62.8,97.8,85.0,75.0
30.906,79.7556,4.92,4.919,1795.3,5.346,20.7,76.0,Tier 2 - Highly Suitable,All India,65.4,97.2,85.0,75.0
31.256,74.8556,4.91,4.915,1794.0,5.206,20.2,76.0,Tier 2 - Highly Suitable,All India,65.3,97.4,85.0,75.0
31.256,75.2056,4.9,4.903,1789.5,5.37,18.9,75.9,Tier 2 - Highly Suitable,All India,64.9,98.0,85.0,75.0
31.256,75.5556,4.78,4.777,1743.5,5.016,19.2,74.4,Tier 2 - Highly Suitable,All India,61.5,97.9,85.0,75.0
31.256,75.9056,4.76,4.759,1736.9,5.039,20.0,74.1,Tier 2 - Highly Suitable,All India,61.1,97.5,85.0,75.0
31.256,76.2556,4.85,4.855,1772.0,5.249,20.4,75.2,Tier 2 - Highly Suitable,All India,63.6,97.3,85.0,75.0
31.256,76.6056,4.81,4.806,1754.1,5.289,20.8,74.6,Tier 2 - Highly Suitable,All India,62.3,97.1,85.0,75.0
31.256,76.9556,4.81,4.812,1756.2,5.127,20.7,74.7,Tier 2 - Highly Suitable,All India,62.5,97.2,85.0,75.0
31.256,77.3056,4.76,4.763,1738.6,5.291,19.3,74.2,Tier 2 - Highly Suitable,All India,61.2,97.8,85.0,75.0
31.256,77.6556,4.76,4.764,1738.8,5.066,19.3,74.2,Tier 2 - Highly Suitable,All India,61.2,97.8,85.0,75.0
31.256,78.0056,4.85,4.854,1771.8,5.336,19.2,75.3,Tier 2 - Highly Suitable,All India,63.6,97.9,85.0,75.0
31.256,78.3556,4.78,4.775,1743.0,5.138,20.1,74.3,Tier 2 - Highly Suitable,All India,61.5,97.5,85.0,75.0
31.256,78.7056,4.77,4.767,1739.9,5.165,19.5,74.2,Tier 2 - Highly Suitable,All India,61.3,97.8,85.0,75.0
31.256,79.0556,4.73,4.734,1727.8,5.017,20.4,73.8,Tier 2 - Highly Suitable,All India,60.4,97.3,85.0,75.0
31.606,74.8556,4.87,4.868,1776.7,5.231,18.7,75.5,Tier 2 - Highly Suitable,All India,64.0,98.2,85.0,75.0
31.606,75.2056,4.89,4.887,1783.9,5.166,19.1,75.7,Tier 2 - Highly Suitable,All India,64.5,98.0,85.0,75.0
31.606,75.5556,4.85,4.852,1771.1,5.358,19.1,75.3,Tier 2 - Highly Suitable,All India,63.6,98.0,85.0,75.0
31.606,75.9056,4.87,4.866,1776.1,5.332,20.4,75.4,Tier 2 - Highly Suitable,All India,63.9,97.3,85.0,75.0
31.606,76.2556,4.78,4.779,1744.4,5.121,18.9,74.4,Tier 2 - Highly Suitable,All India,61.6,98.0,85.0,75.0
31.606,76.6056,4.81,4.812,1756.3,5.274,19.5,74.8,Tier 2 - Highly Suitable,All India,62.5,97.8,85.0,75.0
31.606,76.9556,4.76,4.757,1736.3,5.005,18.8,74.2,Tier 2 - Highly Suitable,All India,61.0,98.1,85.0,75.0
31.606,77.3056,4.83,4.829,1762.5,5.17,19.4,75.0,Tier 2 - Highly Suitable,All India,62.9,97.8,85.0,75.0
31.606,77.6556,4.83,4.827,1761.9,5.158,19.9,74.9,Tier 2 - Highly Suitable,All India,62.9,97.5,85.0,75.0
31.606,78.0056,4.73,4.733,1727.6,4.972,20.7,73.7,Tier 2 - Highly Suitable,All India,60.4,97.2,85.0,75.0
31.606,78.3556,4.85,4.853,1771.4,5.3,20.0,75.2,Tier 2 - Highly Suitable,All India,63.6,97.5,85.0,75.0
31.606,78.7056,4.79,4.791,1748.8,5.249,20.4,74.5,Tier 2 - Highly Suitable,All India,61.9,97.3,85.0,75.0
31.956,74.8556,4.8,4.803,1753.1,5.117,20.5,74.6,Tier 2 - Highly Suitable,All India,62.2,97.2,85.0,75.0
31.956,75.2056,4.83,4.826,1761.7,5.205,19.6,74.9,Tier 2 - Highly Suitable,All India,62.9,97.7,85.0,75.0
31.956,75.5556,4.85,4.851,1770.6,5.345,19.4,75.3,Tier 2 - Highly Suitable,All India,63.5,97.8,85.0,75.0
31.956,75.9056,4.87,4.865,1775.8,5.36,19.1,75.5,Tier 2 - Highly Suitable,All India,63.9,98.0,85.0,75.0
31.956,76.2556,4.7,4.704,1717.1,5.19,18.9,73.5,Tier 2 - Highly Suitable,All India,59.6,98.0,85.0,75.0
31.956,76.6056,4.87,4.869,1777.1,5.406,19.5,75.5,Tier 2 - Highly Suitable,All India,64.0,97.8,85.0,75.0
31.956,76.9556,4.81,4.81,1755.8,5.049,19.9,74.7,Tier 2 - Highly Suitable,All India,62.4,97.5,85.0,75.0
31.956,77.3056,4.89,4.886,1783.6,5.312,19.9,75.7,Tier 2 - Highly Suitable,All India,64.5,97.5,85.0,75.0
31.956,77.6556,4.8,4.805,1753.7,5.062,19.2,74.7,Tier 2 - Highly Suitable,All India,62.3,97.9,85.0,75.0
31.956,78.0056,4.74,4.741,1730.5,5.24,19.8,73.9,Tier 2 - Highly Suitable,All India,60.6,97.6,85.0,75.0
31.956,78.3556,4.9,4.899,1788.2,5.272,20.1,75.8,Tier 2 - Highly Suitable,All India,64.8,97.5,85.0,75.0
31.956,78.7056,4.85,4.848,1769.4,5.229,19.5,75.2,Tier 2 - Highly Suitable,All India,63.5,97.8,85.0,75.0
32.306,75.5556,4.26,4.256,1553.3,4.692,14.9,68.4,Tier 3 - Moderately Suitable,All India,47.5,100.0,85.0,75.0
32.306,75.9056,4.34,4.34,1584.0,4.625,15.3,69.4,Tier 3 - Moderately Suitable,All India,49.7,99.8,85.0,75.0
32.306,76.2556,4.32,4.317,1575.6,4.672,14.7,69.1,Tier 3 - Moderately Suitable,All India,49.1,100.2,85.0,75.0
32.306,76.6056,4.28,4.283,1563.3,4.577,14.5,68.7,Tier 3 - Moderately Suitable,All India,48.2,100.2,85.0,75.0
32.306,76.9556,4.37,4.374,1596.4,4.643,15.5,69.8,Tier 3 - Moderately Suitable,All India,50.6,99.8,85.0,75.0
32.306,77.3056,5.44,5.444,1987.2,5.944,15.8,82.7,Tier 2 - Highly Suitable,All India,79.6,99.6,85.0,75.0
32.306,77.6556,5.43,5.433,1983.1,5.898,15.3,82.6,Tier 2 - Highly Suitable,All India,79.3,99.8,85.0,75.0
32.306,78.0056,5.42,5.421,1978.6,5.982,15.0,82.5,Tier 2 - Highly Suitable,All India,78.9,100.0,85.0,75.0
32.306,78.3556,5.44,5.44,1985.7,5.904,15.5,82.7,Tier 2 - Highly Suitable,All India,79.5,99.8,85.0,75.0
32.656,74.8556,4.36,4.355,1589.8,4.566,15.7,59.5,Tier 3 - Moderately Suitable,All India,50.1,99.7,35.0,75.0
32.656,75.2056,4.23,4.235,1545.7,4.533,14.8,58.1,Tier 3 - Moderately Suitable,All India,46.9,100.1,35.0,75.0
32.656,75.5556,4.3,4.299,1569.3,4.756,14.9,58.9,Tier 3 - Moderately Suitable,All India,48.6,100.0,35.0,75.0
32.656,75.9056,4.31,4.307,1572.1,4.534,15.5,58.9,Tier 3 - Moderately Suitable,All India,48.8,99.8,35.0,75.0
32.656,76.2556,4.23,4.229,1543.6,4.63,15.3,58.0,Tier 3 - Moderately Suitable,All India,46.7,99.8,35.0,75.0
32.656,76.6056,4.37,4.373,1596.2,4.64,15.1,68.8,Tier 3 - Moderately Suitable,All India,50.6,100.0,80.0,75.0
32.656,76.9556,4.35,4.349,1587.2,4.808,14.3,68.5,Tier 3 - Moderately Suitable,All India,50.0,100.3,80.0,75.0
32.656,77.3056,5.47,5.468,1995.8,5.845,15.9,82.0,Tier 2 - Highly Suitable,All India,80.2,99.5,80.0,75.0
32.656,77.6556,5.39,5.385,1965.6,5.822,15.3,81.1,Tier 2 - Highly Suitable,All India,78.0,99.8,80.0,75.0
32.656,78.0056,5.34,5.336,1947.8,5.789,15.3,80.5,Tier 2 - Highly Suitable,All India,76.6,99.8,80.0,75.0
32.656,78.3556,5.33,5.331,1945.7,5.842,14.3,80.5,Tier 2 - Highly Suitable,All India,76.5,100.3,80.0,75.0
32.656,79.0556,5.31,5.314,1939.5,5.871,15.3,80.2,Tier 2 - Highly Suitable,All India,76.1,99.8,80.0,75.0
32.656,79.4056,5.45,5.451,1989.6,6.014,15.5,81.9,Tier 2 - Highly Suitable,All India,79.8,99.8,80.0,75.0
33.006,73.8056,4.29,4.288,1565.3,4.604,16.0,58.7,Tier 3 - Moderately Suitable,All India,48.3,99.5,35.0,75.0
33.006,74.1556,4.34,4.343,1585.1,4.58,15.9,59.3,Tier 3 - Moderately Suitable,All India,49.8,99.5,35.0,75.0
33.006,74.5056,4.22,4.216,1538.8,4.56,14.4,57.9,Tier 3 - Moderately Suitable,All India,46.4,100.3,35.0,75.0
33.006,74.8556,4.23,4.23,1543.9,4.447,15.9,58.0,Tier 3 - Moderately Suitable,All India,46.8,99.5,35.0,75.0
33.006,75.2056,4.34,4.34,1584.1,4.57,14.0,59.5,Tier 3 - Moderately Suitable,All India,49.7,100.5,35.0,75.0
33.006,75.5556,4.25,4.246,1549.9,4.681,15.1,58.2,Tier 3 - Moderately Suitable,All India,47.2,100.0,35.0,75.0
33.006,75.9056,4.3,4.299,1569.1,4.535,15.8,58.8,Tier 3 - Moderately Suitable,All India,48.6,99.6,35.0,75.0
33.006,76.2556,4.19,4.188,1528.7,4.512,14.9,57.5,Tier 3 - Moderately Suitable,All India,45.6,100.0,35.0,75.0
33.006,76.6056,4.22,4.216,1538.8,4.484,15.9,66.8,Tier 3 - Moderately Suitable,All India,46.4,99.5,80.0,75.0
33.006,76.9556,4.32,4.321,1577.2,4.806,15.3,68.1,Tier 3 - Moderately Suitable,All India,49.2,99.8,80.0,75.0
33.006,77.3056,5.36,5.357,1955.3,5.715,15.7,80.7,Tier 2 - Highly Suitable,All India,77.2,99.7,80.0,75.0
33.006,77.6556,5.31,5.31,1938.2,5.751,14.3,80.2,Tier 2 - Highly Suitable,All India,75.9,100.3,80.0,75.0
33.006,78.0056,5.39,5.388,1966.5,5.803,15.3,81.1,Tier 2 - Highly Suitable,All India,78.1,99.8,80.0,75.0
33.006,78.3556,5.28,5.278,1926.6,5.679,15.8,79.7,Tier 2 - Highly Suitable,All India,75.1,99.6,80.0,75.0
33.006,78.7056,5.36,5.356,1954.8,5.851,14.4,80.8,Tier 2 - Highly Suitable,All India,77.2,100.3,80.0,75.0
33.006,79.0556,5.45,5.446,1987.8,5.943,14.5,81.9,Tier 2 - Highly Suitable,All India,79.6,100.2,80.0,75.0
33.356,73.8056,4.2,4.204,1534.6,4.468,15.3,57.7,Tier 3 - Moderately Suitable,All India,46.1,99.8,35.0,75.0
33.356,74.1556,4.2,4.203,1534.0,4.403,15.2,57.7,Tier 3 - Moderately Suitable,All India,46.0,99.9,35.0,75.0
33.356,74.5056,4.27,4.274,1560.0,4.554,15.1,58.6,Tier 3 - Moderately Suitable,All India,47.9,100.0,35.0,75.0
33.356,74.8556,4.31,4.306,1571.8,4.707,15.1,59.0,Tier 3 - Moderately Suitable,All India,48.8,100.0,35.0,75.0
33.356,75.2056,4.26,4.259,1554.7,4.574,15.4,58.4,Tier 3 - Moderately Suitable,All India,47.5,99.8,35.0,75.0
33.356,75.5556,4.27,4.275,1560.2,4.525,14.9,58.6,Tier 3 - Moderately Suitable,All India,48.0,100.0,35.0,75.0
33.356,75.9056,4.29,4.29,1565.7,4.568,15.5,58.7,Tier 3 - Moderately Suitable,All India,48.4,99.8,35.0,75.0
33.356,76.2556,4.21,4.213,1537.6,4.661,15.5,57.8,Tier 3 - Moderately Suitable,All India,46.3,99.8,35.0,75.0
33.356,76.6056,4.2,4.199,1532.7,4.519,15.6,66.6,Tier 3 - Moderately Suitable,All India,45.9,99.7,80.0,75.0
33.356,76.9556,4.24,4.237,1546.4,4.517,15.6,67.1,Tier 3 - Moderately Suitable,All India,46.9,99.7,80.0,75.0
33.356,77.3056,5.27,5.272,1924.1,5.761,15.5,79.7,Tier 2 - Highly Suitable,All India,74.9,99.8,80.0,75.0
33.356,77.6556,5.38,5.376,1962.1,5.923,15.3,81.0,Tier 2 - Highly Suitable,All India,77.7,99.8,80.0,75.0
33.356,78.0056,5.43,5.434,1983.5,6.005,15.2,81.7,Tier 2 - Highly Suitable,All India,79.3,99.9,80.0,75.0
33.356,78.3556,5.37,5.369,1959.7,5.692,14.5,80.9,Tier 2 - Highly Suitable,All India,77.5,100.2,80.0,75.0
33.356,78.7056,5.34,5.342,1949.9,5.904,14.6,80.6,Tier 2 - Highly Suitable,All India,76.8,100.2,80.0,75.0
33.706,73.8056,4.28,4.28,1562.1,4.534,14.5,58.7,Tier 3 - Moderately Suitable,All India,48.1,100.2,35.0,75.0
33.706,74.1556,4.17,4.169,1521.8,4.436,14.7,57.3,Tier 3 - Moderately Suitable,All India,45.1,100.2,35.0,75.0
33.706,74.5056,4.19,4.191,1529.9,4.606,15.0,57.6,Tier 3 - Moderately Suitable,All India,45.7,100.0,35.0,75.0
33.706,74.8556,4.16,4.163,1519.4,4.548,14.0,57.3,Tier 3 - Moderately Suitable,All India,44.9,100.5,35.0,75.0
33.706,75.2056,4.19,4.194,1530.9,4.667,14.8,57.6,Tier 3 - Moderately Suitable,All India,45.8,100.1,35.0,75.0
33.706,75.5556,4.26,4.264,1556.3,4.745,14.9,58.5,Tier 3 - Moderately Suitable,All India,47.7,100.0,35.0,75.0
33.706,75.9056,4.29,4.287,1564.6,4.774,15.1,58.7,Tier 3 - Moderately Suitable,All India,48.3,100.0,35.0,75.0
33.706,76.2556,4.16,4.16,1518.5,4.343,15.1,57.2,Tier 3 - Moderately Suitable,All India,44.9,100.0,35.0,75.0
33.706,76.6056,4.26,4.259,1554.4,4.579,14.7,67.4,Tier 3 - Moderately Suitable,All India,47.5,100.2,80.0,75.0
33.706,76.9556,4.18,4.182,1526.3,4.399,13.8,66.5,Tier 3 - Moderately Suitable,All India,45.5,100.6,80.0,75.0
33.706,77.3056,5.32,5.324,1943.4,5.806,15.4,80.3,Tier 2 - Highly Suitable,All India,76.3,99.8,80.0,75.0
33.706,77.6556,5.35,5.346,1951.3,5.836,15.3,80.6,Tier 2 - Highly Suitable,All India,76.9,99.8,80.0,75.0
33.706,78.0056,5.32,5.323,1942.9,5.694,14.7,80.4,Tier 2 - Highly Suitable,All India,76.3,100.2,80.0,75.0
33.706,78.3556,5.28,5.279,1926.7,5.719,15.4,79.8,Tier 2 - Highly Suitable,All India,75.1,99.8,80.0,75.0
33.706,78.7056,5.42,5.422,1979.1,5.832,14.1,81.6,Tier 2 - Highly Suitable,All India,79.0,100.5,80.0,75.0
34.056,73.8056,4.32,4.316,1575.4,4.565,15.2,59.1,Tier 3 - Moderately Suitable,All India,49.1,99.9,35.0,75.0
34.056,74.1556,4.22,4.223,1541.3,4.676,13.5,58.1,Tier 3 - Moderately Suitable,All India,46.6,100.8,35.0,75.0
34.056,74.5056,4.26,4.26,1554.9,4.597,15.3,58.4,Tier 3 - Moderately Suitable,All India,47.6,99.8,35.0,75.0
34.056,74.8556,4.2,4.205,1534.8,4.627,14.5,57.8,Tier 3 - Moderately Suitable,All India,46.1,100.2,35.0,75.0
34.056,75.2056,4.24,4.241,1547.8,4.483,13.9,58.3,Tier 3 - Moderately Suitable,All India,47.1,100.5,35.0,75.0
34.056,75.5556,4.16,4.162,1519.1,4.461,15.4,57.2,Tier 3 - Moderately Suitable,All India,44.9,99.8,35.0,75.0
34.056,75.9056,4.18,4.182,1526.5,4.665,15.2,57.4,Tier 3 - Moderately Suitable,All India,45.5,99.9,35.0,75.0
34.056,76.2556,4.31,4.308,1572.3,4.595,14.6,59.0,Tier 3 - Moderately Suitable,All India,48.9,100.2,35.0,75.0
34.056,76.6056,4.13,4.127,1506.5,4.523,15.2,65.8,Tier 3 - Moderately Suitable,All India,44.0,99.9,80.0,75.0
34.056,76.9556,4.21,4.209,1536.4,4.496,14.7,66.8,Tier 3 - Moderately Suitable,All India,46.2,100.2,80.0,75.0
34.056,77.3056,5.38,5.378,1963.1,5.679,15.1,81.0,Tier 2 - Highly Suitable,All India,77.8,100.0,80.0,75.0
34.056,77.6556,5.31,5.313,1939.1,5.834,15.2,80.2,Tier 2 - Highly Suitable,All India,76.0,99.9,80.0,75.0
34.056,78.0056,5.4,5.401,1971.2,5.713,13.8,81.4,Tier 2 - Highly Suitable,All India,78.4,100.6,80.0,75.0
34.056,78.3556,5.34,5.345,1950.8,5.647,14.9,80.6,Tier 2 - Highly Suitable,All India,76.9,100.0,80.0,75.0
34.056,78.7056,5.34,5.341,1949.5,5.864,15.3,80.5,Tier 2 - Highly Suitable,All India,76.8,99.8,80.0,75.0
34.056,79.0556,5.36,5.364,1957.8,5.818,15.3,80.8,Tier 2 - Highly Suitable,All India,77.4,99.8,80.0,75.0
34.056,79.4056,5.39,5.395,1969.0,5.918,15.2,81.2,Tier 2 - Highly Suitable,All India,78.2,99.9,80.0,75.0
34.406,73.4556,4.18,4.177,1524.6,4.501,14.3,57.4,Tier 3 - Moderately Suitable,All India,45.3,100.3,35.0,75.0
34.406,73.8056,4.13,4.13,1507.3,4.508,14.7,56.8,Tier 3 - Moderately Suitable,All India,44.1,100.2,35.0,75.0
34.406,74.1556,4.27,4.273,1559.6,4.717,13.7,58.7,Tier 3 - Moderately Suitable,All India,47.9,100.7,35.0,75.0
34.406,74.5056,4.16,4.158,1517.6,4.516,13.7,57.3,Tier 3 - Moderately Suitable,All India,44.8,100.7,35.0,75.0
34.406,74.8556,4.2,4.196,1531.4,4.508,14.8,57.6,Tier 3 - Moderately Suitable,All India,45.8,100.1,35.0,75.0
34.406,75.2056,4.17,4.174,1523.5,4.532,13.6,57.5,Tier 3 - Moderately Suitable,All India,45.2,100.7,35.0,75.0
34.406,75.5556,4.2,4.195,1531.3,4.578,14.4,57.7,Tier 3 - Moderately Suitable,All India,45.8,100.3,35.0,75.0
34.406,75.9056,4.24,4.237,1546.4,4.719,13.5,58.2,Tier 3 - Moderately Suitable,All India,46.9,100.8,35.0,75.0
34.406,76.2556,4.23,4.23,1543.9,4.556,15.2,58.0,Tier 3 - Moderately Suitable,All India,46.8,99.9,35.0,75.0
34.406,76.6056,4.29,4.294,1567.3,4.499,15.1,67.8,Tier 3 - Moderately Suitable,All India,48.5,100.0,80.0,75.0
34.406,76.9556,4.23,4.227,1542.8,4.536,14.2,67.1,Tier 3 - Moderately Suitable,All India,46.7,100.4,80.0,75.0
34.406,77.3056,5.4,5.403,1972.3,5.871,15.0,81.3,Tier 2 - Highly Suitable,All India,78.5,100.0,80.0,75.0
34.406,77.6556,5.39,5.388,1966.7,5.798,14.8,81.1,Tier 2 - Highly Suitable,All India,78.1,100.1,80.0,75.0
34.406,78.0056,5.31,5.313,1939.1,5.873,15.2,80.2,Tier 2 - Highly Suitable,All India,76.0,99.9,80.0,75.0
34.406,78.3556,5.21,5.208,1901.0,5.765,14.3,79.0,Tier 2 - Highly Suitable,All India,73.2,100.3,80.0,75.0
34.406,78.7056,5.28,5.277,1926.3,5.758,15.0,79.8,Tier 2 - Highly Suitable,All India,75.1,100.0,80.0,75.0
34.406,79.0556,5.34,5.345,1950.8,5.665,14.6,80.6,Tier 2 - Highly Suitable,All India,76.9,100.2,80.0,75.0
34.406,79.4056,5.22,5.22,1905.2,5.639,14.9,79.1,Tier 2 - Highly Suitable,All India,73.5,100.0,80.0,75.0
34.756,73.8056,4.11,4.107,1499.2,4.437,14.7,56.6,Tier 3 - Moderately Suitable,All India,43.4,100.2,35.0,75.0
34.756,74.1556,4.25,4.249,1551.0,4.506,14.3,58.3,Tier 3 - Moderately Suitable,All India,47.3,100.3,35.0,75.0
34.756,74.5056,4.16,4.156,1517.0,4.391,13.9,57.2,Tier 3 - Moderately Suitable,All India,44.8,100.5,35.0,75.0
34.756,74.8556,4.25,4.249,1551.0,4.45,15.0,58.3,Tier 3 - Moderately Suitable,All India,47.3,100.0,35.0,75.0
34.756,75.2056,4.11,4.108,1499.3,4.334,13.3,56.7,Tier 3 - Moderately Suitable,All India,43.5,100.8,35.0,75.0
34.756,75.5556,4.26,4.264,1556.5,4.666,13.8,58.5,Tier 3 - Moderately Suitable,All India,47.7,100.6,35.0,75.0
34.756,75.9056,4.16,4.164,1519.7,4.587,14.2,57.3,Tier 3 - Moderately Suitable,All India,45.0,100.4,35.0,75.0
34.756,76.2556,4.14,4.136,1509.7,4.441,13.8,57.0,Tier 3 - Moderately Suitable,All India,44.2,100.6,35.0,75.0
34.756,76.6056,4.1,4.095,1494.7,4.491,15.1,65.4,Tier 3 - Moderately Suitable,All India,43.1,100.0,80.0,75.0
34.756,76.9556,4.13,4.128,1506.7,4.595,13.4,65.9,Tier 3 - Moderately Suitable,All India,44.0,100.8,80.0,75.0
34.756,77.3056,5.25,5.248,1915.5,5.536,14.0,79.5,Tier 2 - Highly Suitable,All India,74.3,100.5,80.0,75.0
34.756,77.6556,5.35,5.351,1953.3,5.754,14.6,80.7,Tier 2 - Highly Suitable,All India,77.1,100.2,80.0,75.0
34.756,78.0056,5.26,5.258,1919.1,5.666,13.7,79.6,Tier 2 - Highly Suitable,All India,74.5,100.7,80.0,75.0
34.756,78.3556,5.34,5.343,1950.1,5.759,14.0,80.7,Tier 2 - Highly Suitable,All India,76.8,100.5,80.0,75.0
34.756,78.7056,5.21,5.213,1902.7,5.585,14.0,79.1,Tier 2 - Highly Suitable,All India,73.3,100.5,80.0,75.0
34.756,79.0556,5.33,5.333,1946.4,5.681,13.6,80.6,Tier 2 - Highly Suitable,All India,76.6,100.7,80.0,75.0
34.756,79.4056,5.33,5.327,1944.4,5.631,14.3,80.4,Tier 2 - Highly Suitable,All India,76.4,100.3,80.0,75.0
34.756,79.7556,5.19,5.192,1895.0,5.672,14.1,79.8,Tier 2 - Highly Suitable,All India,72.8,100.5,85.0,75.0
35.106,74.1556,4.15,4.153,1516.0,4.395,13.6,57.2,Tier 3 - Moderately Suitable,All India,44.7,100.7,35.0,75.0
35.106,74.5056,4.2,4.202,1533.7,4.418,14.9,57.7,Tier 3 - Moderately Suitable,All India,46.0,100.0,35.0,75.0
35.106,74.8556,4.12,4.119,1503.6,4.534,14.8,56.7,Tier 3 - Moderately Suitable,All India,43.8,100.1,35.0,75.0
35.106,75.2056,4.25,4.254,1552.6,4.723,13.7,58.4,Tier 3 - Moderately Suitable,All India,47.4,100.7,35.0,75.0
35.106,75.5556,4.18,4.184,1527.3,4.508,14.3,57.5,Tier 3 - Moderately Suitable,All India,45.5,100.3,35.0,75.0
35.106,75.9056,4.17,4.168,1521.4,4.613,14.2,57.3,Tier 3 - Moderately Suitable,All India,45.1,100.4,35.0,75.0
35.106,76.2556,4.17,4.169,1521.5,4.635,14.9,57.3,Tier 3 - Moderately Suitable,All India,45.1,100.0,35.0,75.0
35.106,76.6056,4.14,4.141,1511.4,4.609,13.2,66.1,Tier 3 - Moderately Suitable,All India,44.4,100.9,80.0,75.0
35.106,76.9556,4.14,4.137,1510.1,4.334,14.0,66.0,Tier 3 - Moderately Suitable,All India,44.2,100.5,80.0,75.0
35.106,77.3056,5.25,5.252,1916.9,5.712,13.9,79.6,Tier 2 - Highly Suitable,All India,74.4,100.5,80.0,75.0
35.106,77.6556,5.25,5.249,1916.0,5.544,13.0,79.6,Tier 2 - Highly Suitable,All India,74.3,101.0,80.0,75.0
35.106,78.0056,5.32,5.32,1941.8,5.643,14.8,80.3,Tier 2 - Highly Suitable,All India,76.2,100.1,80.0,75.0
35.106,78.3556,5.29,5.289,1930.6,5.723,14.9,79.9,Tier 2 - Highly Suitable,All India,75.4,100.0,80.0,75.0
35.106,78.7056,5.28,5.279,1926.7,5.724,13.4,79.9,Tier 2 - Highly Suitable,All India,75.1,100.8,80.0,75.0
35.106,79.0556,5.37,5.368,1959.4,5.886,13.6,81.0,Tier 2 - Highly Suitable,All India,77.5,100.7,80.0,75.0
35.106,79.4056,5.26,5.265,1921.7,5.657,13.0,79.8,Tier 2 - Highly Suitable,All India,74.7,101.0,80.0,75.0
35.106,79.7556,5.26,5.26,1920.0,5.737,13.5,80.7,Tier 2 - Highly Suitable,All India,74.6,100.8,85.0,75.0
35.106,80.1056,5.27,5.267,1922.4,5.546,14.2,80.7,Tier 2 - Highly Suitable,All India,74.8,100.4,85.0,75.0
35.456,73.8056,4.1,4.098,1495.7,4.307,13.5,56.5,Tier 3 - Moderately Suitable,All India,43.2,100.8,35.0,75.0
35.456,74.1556,4.17,4.167,1520.9,4.567,14.6,57.3,Tier 3 - Moderately Suitable,All India,45.1,100.2,35.0,75.0
35.456,74.5056,4.2,4.198,1532.2,4.479,13.8,57.7,Tier 3 - Moderately Suitable,All India,45.9,100.6,35.0,75.0
35.456,74.8556,4.07,4.067,1484.6,4.402,13.1,56.2,Tier 3 - Moderately Suitable,All India,42.4,101.0,35.0,75.0
35.456,75.2056,4.23,4.226,1542.5,4.459,14.5,58.0,Tier 3 - Moderately Suitable,All India,46.6,100.2,35.0,75.0
35.456,75.5556,4.17,4.174,1523.7,4.367,13.8,57.4,Tier 3 - Moderately Suitable,All India,45.2,100.6,35.0,75.0
35.456,75.9056,4.1,4.098,1495.6,4.387,14.7,56.5,Tier 3 - Moderately Suitable,All India,43.2,100.2,35.0,75.0
35.456,76.2556,4.08,4.082,1490.1,4.275,12.8,56.4,Tier 3 - Moderately Suitable,All India,42.8,101.1,35.0,75.0
35.456,76.6056,4.18,4.18,1525.6,4.374,13.3,66.6,Tier 3 - Moderately Suitable,All India,45.4,100.8,80.0,75.0
35.456,76.9556,4.25,4.249,1550.8,4.603,13.8,67.4,Tier 3 - Moderately Suitable,All India,47.3,100.6,80.0,75.0
35.456,77.3056,5.19,5.192,1895.2,5.631,13.8,78.8,Tier 2 - Highly Suitable,All India,72.8,100.6,80.0,75.0
35.456,77.6556,5.36,5.355,1954.7,5.843,13.7,80.8,Tier 2 - Highly Suitable,All India,77.2,100.7,80.0,75.0
35.456,78.0056,5.2,5.202,1898.9,5.636,14.7,78.9,Tier 2 - Highly Suitable,All India,73.0,100.2,80.0,75.0
35.456,78.3556,5.27,5.272,1924.2,5.7,13.7,79.8,Tier 2 - Highly Suitable,All India,74.9,100.7,80.0,75.0
35.456,78.7056,5.32,5.317,1940.8,5.796,14.3,80.3,Tier 2 - Highly Suitable,All India,76.1,100.3,80.0,75.0
35.456,79.0556,5.3,5.296,1933.1,5.788,13.1,80.1,Tier 2 - Highly Suitable,All India,75.6,101.0,80.0,75.0
35.456,79.4056,5.32,5.316,1940.4,5.786,13.0,80.4,Tier 2 - Highly Suitable,All India,76.1,101.0,80.0,75.0
35.456,79.7556,5.32,5.318,1941.2,5.741,13.7,81.4,Tier 2 - Highly Suitable,All India,76.2,100.7,85.0,75.0
35.456,80.1056,5.31,5.309,1937.9,5.587,12.9,81.3,Tier 2 - Highly Suitable,All India,75.9,101.0,85.0,75.0
35.806,73.4556,4.07,4.072,1486.3,4.507,12.9,56.3,Tier 3 - Moderately Suitable,All India,42.5,101.0,35.0,75.0
35.806,73.8056,4.15,4.15,1514.8,4.437,14.5,57.1,Tier 3 - Moderately Suitable,All India,44.6,100.2,35.0,75.0
35.806,74.1556,4.17,4.175,1523.8,4.615,13.3,57.5,Tier 3 - Moderately Suitable,All India,45.3,100.8,35.0,75.0
35.806,74.5056,4.12,4.124,1505.2,4.463,13.9,56.8,Tier 3 - Moderately Suitable,All India,43.9,100.5,35.0,75.0
35.806,74.8556,4.24,4.242,1548.3,4.482,12.9,58.3,Tier 3 - Moderately Suitable,All India,47.1,101.0,35.0,75.0
35.806,75.2056,4.21,4.21,1536.6,4.535,12.8,58.0,Tier 3 - Moderately Suitable,All India,46.2,101.1,35.0,75.0
35.806,75.5556,4.06,4.062,1482.5,4.534,14.5,56.0,Tier 3 - Moderately Suitable,All India,42.2,100.2,35.0,75.0
35.806,75.9056,4.19,4.191,1529.6,4.674,14.0,57.6,Tier 3 - Moderately Suitable,All India,45.7,100.5,35.0,75.0
35.806,76.2556,4.08,4.084,1490.6,4.285,13.1,56.4,Tier 3 - Moderately Suitable,All India,42.8,101.0,35.0,75.0
35.806,76.6056,4.22,4.219,1540.0,4.528,13.9,67.0,Tier 3 - Moderately Suitable,All India,46.5,100.5,80.0,75.0
35.806,78.7056,5.19,5.189,1894.0,5.74,13.7,78.8,Tier 2 - Highly Suitable,All India,72.7,100.7,80.0,75.0
35.806,79.0556,5.25,5.252,1917.0,5.603,13.0,79.6,Tier 2 - Highly Suitable,All India,74.4,101.0,80.0,75.0
35.806,79.4056,5.16,5.159,1882.9,5.597,14.2,78.4,Tier 2 - Highly Suitable,All India,71.9,100.4,80.0,75.0
36.156,72.7556,4.23,4.228,1543.3,4.668,14.1,58.1,Tier 3 - Moderately Suitable,All India,46.7,100.5,35.0,75.0
36.156,73.1056,4.08,4.079,1488.7,4.351,12.8,56.4,Tier 3 - Moderately Suitable,All India,42.7,101.1,35.0,75.0
36.156,73.4556,4.05,4.046,1476.6,4.221,12.5,56.0,Tier 3 - Moderately Suitable,All India,41.8,101.2,35.0,75.0
36.156,73.8056,4.04,4.038,1474.0,4.492,12.7,55.9,Tier 3 - Moderately Suitable,All India,41.6,101.2,35.0,75.0
36.156,74.1556,4.11,4.106,1498.7,4.381,12.6,56.7,Tier 3 - Moderately Suitable,All India,43.4,101.2,35.0,75.0
36.156,74.5056,4.03,4.035,1472.7,4.397,13.2,55.8,Tier 3 - Moderately Suitable,All India,41.5,100.9,35.0,75.0
36.156,74.8556,4.23,4.227,1542.8,4.502,12.4,58.2,Tier 3 - Moderately Suitable,All India,46.7,101.3,35.0,75.0
36.156,75.2056,4.07,4.067,1484.5,4.393,13.9,56.1,Tier 3 - Moderately Suitable,All India,42.4,100.5,35.0,75.0
36.156,75.5556,4.08,4.081,1489.6,4.259,12.5,56.4,Tier 3 - Moderately Suitable,All India,42.7,101.2,35.0,75.0
36.156,75.9056,4.16,4.164,1519.9,4.56,13.3,57.4,Tier 3 - Moderately Suitable,All India,45.0,100.8,35.0,75.0
36.156,76.2556,4.14,4.142,1511.8,4.42,13.5,57.1,Tier 3 - Moderately Suitable,All India,44.4,100.8,35.0,75.0
36.156,76.6056,4.17,4.171,1522.3,4.469,14.1,67.4,Tier 3 - Moderately Suitable,All India,45.2,100.5,85.0,75.0
36.506,73.1056,4.18,4.185,1527.4,4.499,13.2,57.6,Tier 3 - Moderately Suitable,All India,45.5,100.9,35.0,75.0
36.506,73.4556,4.18,4.175,1524.0,4.426,13.7,57.5,Tier 3 - Moderately Suitable,All India,45.3,100.7,35.0,75.0
36.506,73.8056,4.02,4.022,1467.9,4.33,12.3,55.7,Tier 3 - Moderately Suitable,All India,41.1,101.3,35.0,75.0
36.506,74.1556,4.02,4.023,1468.4,4.35,13.3,55.7,Tier 3 - Moderately Suitable,All India,41.2,100.8,35.0,75.0
36.506,74.5056,4.03,4.03,1470.8,4.222,12.3,55.8,Tier 3 - Moderately Suitable,All India,41.4,101.3,35.0,75.0
36.506,74.8556,4.06,4.063,1483.2,4.251,12.7,56.2,Tier 3 - Moderately Suitable,All India,42.2,101.2,35.0,75.0
36.506,75.2056,4.12,4.121,1504.2,4.333,13.0,56.9,Tier 3 - Moderately Suitable,All India,43.8,101.0,35.0,75.0
36.506,75.5556,4.06,4.057,1480.7,4.328,13.8,56.0,Tier 3 - Moderately Suitable,All India,42.1,100.6,35.0,75.0
36.506,75.9056,4.06,4.064,1483.5,4.496,12.9,56.2,Tier 3 - Moderately Suitable,All India,42.3,101.0,35.0,75.0
36.856,73.8056,4.14,4.141,1511.5,4.331,13.2,57.1,Tier 3 - Moderately Suitable,All India,44.4,100.9,35.0,75.0
36.856,74.1556,4.05,4.054,1479.5,4.423,13.7,56.0,Tier 3 - Moderately Suitable,All India,42.0,100.7,35.0,75.0
36.856,74.5056,4.04,4.041,1475.1,4.509,12.1,56.0,Tier 3 - Moderately Suitable,All India,41.6,101.5,35.0,75.0
36.856,74.8556,4.07,4.069,1485.1,4.403,13.1,56.2,Tier 3 - Moderately Suitable,All India,42.4,101.0,35.0,75.0
36.856,75.2056,4.15,4.153,1515.8,4.458,12.8,57.3,Tier 3 - Moderately Suitable,All India,44.7,101.1,35.0,75.0
